forename,surname,year,wins,points
Adolf,Brudes,1952,0,0.0
Adolfo,Cruz,1953,0,0.0
Adrian,Sutil,2007,0,1.0
Adrian,Sutil,2008,0,0.0
Adrian,Sutil,2009,0,5.0
Adrian,Sutil,2010,0,47.0
Adrian,Sutil,2011,0,42.0
Adrian,Sutil,2013,0,29.0
Adrian,Sutil,2014,0,0.0
Adrián,Campos,1987,0,0.0
Adrián,Campos,1988,0,0.0
Aguri,Suzuki,1988,0,0.0
Aguri,Suzuki,1989,0,0.0
Aguri,Suzuki,1990,0,6.0
Aguri,Suzuki,1991,0,1.0
Aguri,Suzuki,1992,0,0.0
Aguri,Suzuki,1993,0,0.0
Aguri,Suzuki,1994,0,0.0
Aguri,Suzuki,1995,0,1.0
Al,Herman,1955,0,0.0
Al,Herman,1956,0,0.0
Al,Herman,1957,0,0.0
Al,Herman,1959,0,0.0
Al,Herman,1960,0,0.0
Al,Keller,1955,0,0.0
Al,Keller,1956,0,0.0
Al,Keller,1957,0,0.0
Al,Keller,1958,0,0.0
Al,Keller,1959,0,0.0
Al,Pease,1967,0,0.0
Alain,Prost,1980,0,5.0
Alain,Prost,1981,3,43.0
Alain,Prost,1982,2,34.0
Alain,Prost,1983,4,57.0
Alain,Prost,1984,7,71.5
Alain,Prost,1985,5,73.0
Alain,Prost,1986,4,72.0
Alain,Prost,1987,3,46.0
Alain,Prost,1988,7,87.0
Alain,Prost,1989,4,76.0
Alain,Prost,1990,5,71.0
Alain,Prost,1991,0,34.0
Alain,Prost,1993,7,99.0
Alain,de Changy,1959,0,0.0
Alan,Brown,1952,0,2.0
Alan,Brown,1953,0,0.0
Alan,Brown,1954,0,0.0
Alan,Jones,1975,0,2.0
Alan,Jones,1976,0,7.0
Alan,Jones,1977,1,22.0
Alan,Jones,1978,0,11.0
Alan,Jones,1979,4,40.0
Alan,Jones,1980,5,67.0
Alan,Jones,1981,2,46.0
Alan,Jones,1983,0,0.0
Alan,Jones,1985,0,0.0
Alan,Jones,1986,0,4.0
Alan,Rees,1967,0,0.0
Alan,Rollinson,1965,0,0.0
Alan,Stacey,1958,0,0.0
Alan,Stacey,1959,0,0.0
Alan,Stacey,1960,0,0.0
Albert,Scherrer,1953,0,0.0
Alberto,Ascari,1950,0,11.0
Alberto,Ascari,1951,2,25.0
Alberto,Ascari,1952,6,36.0
Alberto,Ascari,1953,5,34.5
Alberto,Ascari,1954,0,1.0
Alberto,Ascari,1955,0,0.0
Alberto,Colombo,1978,0,0.0
Alberto,Crespo,1952,0,0.0
Alberto,Uria,1955,0,0.0
Alberto,Uria,1956,0,0.0
Alberto Rodriguez,Larreta,1960,0,0.0
Aldo,Gordini,1951,0,0.0
Alessandro,Nannini,1986,0,0.0
Alessandro,Nannini,1987,0,0.0
Alessandro,Nannini,1988,0,12.0
Alessandro,Nannini,1989,1,32.0
Alessandro,Nannini,1990,0,21.0
Alessandro,Pesenti-Rossi,1976,0,0.0
Alessandro,Zanardi,1991,0,0.0
Alessandro,Zanardi,1993,0,1.0
Alessandro,Zanardi,1994,0,0.0
Alessandro,Zanardi,1999,0,0.0
Alessandro,de Tomaso,1957,0,0.0
Alessandro,de Tomaso,1959,0,0.0
Alex,Blignaut,1965,0,0.0
Alex,Caffi,1986,0,0.0
Alex,Caffi,1987,0,0.0
Alex,Caffi,1988,0,0.0
Alex,Caffi,1989,0,4.0
Alex,Caffi,1990,0,2.0
Alex,Caffi,1991,0,0.0
Alex,Ribeiro,1976,0,0.0
Alex,Ribeiro,1977,0,0.0
Alex,Ribeiro,1979,0,0.0
Alex,Soler-Roig,1970,0,0.0
Alex,Soler-Roig,1971,0,0.0
Alex,Soler-Roig,1972,0,0.0
Alex,Yoong,2001,0,0.0
Alex,Yoong,2002,0,0.0
Alexander,Albon,2019,0,92.0
Alexander,Albon,2020,0,64.0
Alexander,Rossi,2015,0,0.0
Alexander,Wurz,1997,0,4.0
Alexander,Wurz,1998,0,17.0
Alexander,Wurz,1999,0,3.0
Alexander,Wurz,2000,0,2.0
Alexander,Wurz,2005,0,6.0
Alexander,Wurz,2007,0,13.0
Alfonso,Thiele,1960,0,0.0
Alfonso,Thiele,1961,0,0.0
Alfonso,de Portago,1956,0,3.0
Alfonso,de Portago,1957,0,1.0
Alfredo,Pián,1950,0,0.0
Allan,McNish,2002,0,0.0
Allen,Berg,1986,0,0.0
Andrea,Montermini,1994,0,0.0
Andrea,Montermini,1995,0,0.0
Andrea,Montermini,1996,0,0.0
Andrea,de Adamich,1968,0,0.0
Andrea,de Adamich,1970,0,0.0
Andrea,de Adamich,1971,0,0.0
Andrea,de Adamich,1972,0,3.0
Andrea,de Adamich,1973,0,3.0
Andrea,de Cesaris,1980,0,0.0
Andrea,de Cesaris,1981,0,1.0
Andrea,de Cesaris,1982,0,5.0
Andrea,de Cesaris,1983,0,15.0
Andrea,de Cesaris,1984,0,3.0
Andrea,de Cesaris,1985,0,3.0
Andrea,de Cesaris,1986,0,0.0
Andrea,de Cesaris,1987,0,4.0
Andrea,de Cesaris,1988,0,3.0
Andrea,de Cesaris,1989,0,4.0
Andrea,de Cesaris,1990,0,0.0
Andrea,de Cesaris,1991,0,9.0
Andrea,de Cesaris,1992,0,8.0
Andrea,de Cesaris,1993,0,0.0
Andrea,de Cesaris,1994,0,4.0
André,Guelfi,1958,0,0.0
André,Lotterer,2014,0,0.0
André,Milhoux,1956,0,0.0
André,Pilette,1951,0,0.0
André,Pilette,1953,0,0.0
André,Pilette,1954,0,2.0
André,Pilette,1956,0,0.0
André,Pilette,1961,0,0.0
André,Pilette,1963,0,0.0
André,Pilette,1964,0,0.0
André,Simon,1951,0,0.0
André,Simon,1952,0,0.0
André,Simon,1955,0,0.0
André,Simon,1956,0,0.0
André,Simon,1957,0,0.0
André,Testut,1958,0,0.0
André,Testut,1959,0,0.0
Andy,Linden,1951,0,3.0
Andy,Linden,1952,0,0.0
Andy,Linden,1953,0,0.0
Andy,Linden,1954,0,0.0
Andy,Linden,1955,0,0.0
Andy,Linden,1956,0,0.0
Andy,Linden,1957,0,2.0
Andy,Sutcliffe,1977,0,0.0
Anthony,Davidson,2005,0,0.0
Anthony,Davidson,2007,0,0.0
Anthony,Davidson,2008,0,0.0
Anthony,Foyt,1958,0,0.0
Anthony,Foyt,1959,0,0.0
Anthony,Foyt,1960,0,0.0
Antonio,Creus,1960,0,0.0
Antonio,Giovinazzi,2017,0,0.0
Antonio,Giovinazzi,2019,0,14.0
Antonio,Giovinazzi,2020,0,3.0
Antônio,Pizzonia,2003,0,0.0
Antônio,Pizzonia,2004,0,6.0
Antônio,Pizzonia,2005,0,2.0
Archie,Scott Brown,1956,0,0.0
Art,Bisch,1958,0,0.0
Art,Cross,1952,0,2.0
Art,Cross,1953,0,6.0
Art,Cross,1954,0,0.0
Art,Cross,1955,0,0.0
Arthur,Legat,1952,0,0.0
Arthur,Legat,1953,0,0.0
Arthur,Owen,1960,0,0.0
Arturo,Merzario,1972,0,1.0
Arturo,Merzario,1973,0,6.0
Arturo,Merzario,1974,0,4.0
Arturo,Merzario,1975,0,0.0
Arturo,Merzario,1976,0,0.0
Arturo,Merzario,1977,0,0.0
Arturo,Merzario,1978,0,0.0
Arturo,Merzario,1979,0,0.0
Ayrton,Senna,1984,0,13.0
Ayrton,Senna,1985,2,38.0
Ayrton,Senna,1986,2,55.0
Ayrton,Senna,1987,2,57.0
Ayrton,Senna,1988,8,90.0
Ayrton,Senna,1989,6,60.0
Ayrton,Senna,1990,6,78.0
Ayrton,Senna,1991,7,96.0
Ayrton,Senna,1992,3,50.0
Ayrton,Senna,1993,5,73.0
Ayrton,Senna,1994,0,0.0
Azdrubal,Fontes,1959,0,0.0
Basil,van Rooyen,1968,0,0.0
Basil,van Rooyen,1969,0,0.0
Bayliss,Levrett,1950,0,0.0
Ben,Pon,1962,0,0.0
Beppe,Gabbiani,1978,0,0.0
Beppe,Gabbiani,1981,0,0.0
Bernard,Collomb,1961,0,0.0
Bernard,Collomb,1962,0,0.0
Bernard,Collomb,1963,0,0.0
Bernard,Collomb,1964,0,0.0
Bernard,de Dryver,1977,0,0.0
Bernd,Schneider,1988,0,0.0
Bernd,Schneider,1989,0,0.0
Bernd,Schneider,1990,0,0.0
Bernie,Ecclestone,1958,0,0.0
Bertil,Roos,1974,0,0.0
Bertrand,Gachot,1989,0,0.0
Bertrand,Gachot,1990,0,0.0
Bertrand,Gachot,1991,0,4.0
Bertrand,Gachot,1992,0,1.0
Bertrand,Gachot,1994,0,0.0
Bertrand,Gachot,1995,0,0.0
Bill,Aston,1952,0,0.0
Bill,Brack,1968,0,0.0
Bill,Brack,1969,0,0.0
Bill,Brack,1972,0,0.0
Bill,Cantrell,1950,0,0.0
Bill,Cheesbourg,1957,0,0.0
Bill,Cheesbourg,1958,0,0.0
Bill,Cheesbourg,1959,0,0.0
Bill,Holland,1950,0,6.0
Bill,Holland,1953,0,0.0
Bill,Homeier,1954,0,0.0
Bill,Homeier,1955,0,1.0
Bill,Homeier,1960,0,0.0
Bill,Mackey,1951,0,0.0
Bill,Moss,1959,0,0.0
Bill,Schindler,1950,0,0.0
Bill,Schindler,1951,0,0.0
Bill,Schindler,1952,0,0.0
Bill,Vukovich,1951,0,0.0
Bill,Vukovich,1952,0,1.0
Bill,Vukovich,1953,1,9.0
Bill,Vukovich,1954,1,8.0
Bill,Vukovich,1955,0,1.0
Bill,Whitehouse,1954,0,0.0
Billy,Garrett,1956,0,0.0
Billy,Garrett,1958,0,0.0
Bob,Anderson,1963,0,0.0
Bob,Anderson,1964,0,5.0
Bob,Anderson,1965,0,0.0
Bob,Anderson,1966,0,1.0
Bob,Anderson,1967,0,2.0
Bob,Bondurant,1965,0,0.0
Bob,Bondurant,1966,0,3.0
Bob,Christie,1956,0,0.0
Bob,Christie,1957,0,0.0
Bob,Christie,1958,0,0.0
Bob,Christie,1959,0,0.0
Bob,Christie,1960,0,0.0
Bob,Drake,1960,0,0.0
Bob,Evans,1975,0,0.0
Bob,Evans,1976,0,0.0
Bob,Gerard,1950,0,0.0
Bob,Gerard,1951,0,0.0
Bob,Gerard,1953,0,0.0
Bob,Gerard,1954,0,0.0
Bob,Gerard,1956,0,0.0
Bob,Gerard,1957,0,0.0
Bob,Said,1959,0,0.0
Bob,Scott,1952,0,0.0
Bob,Scott,1953,0,0.0
Bob,Scott,1954,0,0.0
Bob,Sweikert,1952,0,0.0
Bob,Sweikert,1953,0,0.0
Bob,Sweikert,1954,0,0.0
Bob,Sweikert,1955,1,8.0
Bob,Sweikert,1956,0,0.0
Bob,Veith,1956,0,0.0
Bob,Veith,1957,0,0.0
Bob,Veith,1958,0,0.0
Bob,Veith,1959,0,0.0
Bob,Veith,1960,0,0.0
Bobby,Ball,1951,0,2.0
Bobby,Ball,1952,0,0.0
Bobby,Grim,1959,0,0.0
Bobby,Grim,1960,0,0.0
Bobby,Rahal,1978,0,0.0
Bobby,Unser,1968,0,0.0
Boy,Lunger,1976,0,0.0
Boy,Lunger,1977,0,0.0
Brausch,Niemann,1963,0,0.0
Brausch,Niemann,1965,0,0.0
Brendon,Hartley,2017,0,0.0
Brendon,Hartley,2018,0,4.0
Brett,Lunger,1975,0,0.0
Brett,Lunger,1976,0,0.0
Brett,Lunger,1977,0,0.0
Brett,Lunger,1978,0,0.0
Brian,Gubby,1965,0,0.0
Brian,Hart,1967,0,0.0
Brian,Henton,1975,0,0.0
Brian,Henton,1977,0,0.0
Brian,Henton,1981,0,0.0
Brian,Henton,1982,0,0.0
Brian,McGuire,1977,0,0.0
Brian,Naylor,1957,0,0.0
Brian,Naylor,1958,0,0.0
Brian,Naylor,1959,0,0.0
Brian,Naylor,1960,0,0.0
Brian,Naylor,1961,0,0.0
Brian,Redman,1968,0,4.0
Brian,Redman,1970,0,0.0
Brian,Redman,1971,0,0.0
Brian,Redman,1972,0,4.0
Brian,Redman,1974,0,0.0
Brian,Shawe Taylor,1950,0,0.0
Brian,Shawe Taylor,1951,0,0.0
Bruce,Halford,1956,0,0.0
Bruce,Halford,1957,0,0.0
Bruce,Halford,1959,0,0.0
Bruce,Halford,1960,0,0.0
Bruce,Johnstone,1962,0,0.0
Bruce,Kessler,1958,0,0.0
Bruce,McLaren,1958,0,0.0
Bruce,McLaren,1959,1,16.5
Bruce,McLaren,1960,1,34.0
Bruce,McLaren,1961,0,11.0
Bruce,McLaren,1962,1,27.0
Bruce,McLaren,1963,0,17.0
Bruce,McLaren,1964,0,13.0
Bruce,McLaren,1965,0,10.0
Bruce,McLaren,1966,0,3.0
Bruce,McLaren,1967,0,3.0
Bruce,McLaren,1968,1,22.0
Bruce,McLaren,1969,0,26.0
Bruce,McLaren,1970,0,6.0
Bruno,Giacomelli,1977,0,0.0
Bruno,Giacomelli,1978,0,0.0
Bruno,Giacomelli,1979,0,0.0
Bruno,Giacomelli,1980,0,4.0
Bruno,Giacomelli,1981,0,7.0
Bruno,Giacomelli,1982,0,2.0
Bruno,Giacomelli,1983,0,1.0
Bruno,Giacomelli,1990,0,0.0
Bruno,Senna,2010,0,0.0
Bruno,Senna,2011,0,2.0
Bruno,Senna,2012,0,31.0
Bud,Tingelstad,1960,0,0.0
Cal,Niday,1953,0,0.0
Cal,Niday,1954,0,0.0
Cal,Niday,1955,0,0.0
Carel Godin,de Beaufort,1957,0,0.0
Carel Godin,de Beaufort,1958,0,0.0
Carel Godin,de Beaufort,1959,0,0.0
Carel Godin,de Beaufort,1960,0,0.0
Carel Godin,de Beaufort,1961,0,0.0
Carel Godin,de Beaufort,1962,0,2.0
Carel Godin,de Beaufort,1963,0,2.0
Carel Godin,de Beaufort,1964,0,0.0
Carl,Forberg,1951,0,0.0
Carl,Scarborough,1951,0,0.0
Carl,Scarborough,1953,0,0.0
Carlo,Abate,1962,0,0.0
Carlo,Abate,1963,0,0.0
Carlo,Facetti,1974,0,0.0
Carlo,Franchi,1978,0,0.0
Carlos,Menditeguy,1953,0,0.0
Carlos,Menditeguy,1954,0,0.0
Carlos,Menditeguy,1955,0,2.0
Carlos,Menditeguy,1956,0,0.0
Carlos,Menditeguy,1957,0,4.0
Carlos,Menditeguy,1958,0,0.0
Carlos,Menditeguy,1960,0,3.0
Carlos,Pace,1972,0,3.0
Carlos,Pace,1973,0,7.0
Carlos,Pace,1974,0,11.0
Carlos,Pace,1975,1,24.0
Carlos,Pace,1976,0,7.0
Carlos,Pace,1977,0,6.0
Carlos,Reutemann,1972,0,3.0
Carlos,Reutemann,1973,0,16.0
Carlos,Reutemann,1974,3,32.0
Carlos,Reutemann,1975,1,37.0
Carlos,Reutemann,1976,0,3.0
Carlos,Reutemann,1977,1,42.0
Carlos,Reutemann,1978,4,48.0
Carlos,Reutemann,1979,0,20.0
Carlos,Reutemann,1980,1,42.0
Carlos,Reutemann,1981,2,49.0
Carlos,Reutemann,1982,0,6.0
Carlos,Sainz,2015,0,18.0
Carlos,Sainz,2016,0,46.0
Carlos,Sainz,2017,0,54.0
Carlos,Sainz,2018,0,53.0
Carlos,Sainz,2019,0,96.0
Carlos,Sainz,2020,0,59.0
Carroll,Shelby,1958,0,0.0
Carroll,Shelby,1959,0,0.0
Cecil,Green,1950,0,3.0
Cecil,Green,1951,0,0.0
Cesare,Perdisa,1955,0,2.0
Cesare,Perdisa,1956,0,3.0
Cesare,Perdisa,1957,0,0.0
Charles,Leclerc,2018,0,39.0
Charles,Leclerc,2019,2,264.0
Charles,Leclerc,2020,0,75.0
Charles,Pic,2012,0,0.0
Charles,Pic,2013,0,0.0
Charles,Pozzi,1950,0,0.0
Charles,de Tornaco,1952,0,0.0
Chet,Miller,1951,0,0.0
Chet,Miller,1952,0,0.0
Chico,Landi,1951,0,0.0
Chico,Landi,1952,0,0.0
Chico,Landi,1953,0,0.0
Chico,Landi,1956,0,1.5
Chico,Serra,1981,0,0.0
Chico,Serra,1982,0,1.0
Chico,Serra,1983,0,0.0
Chris,Amon,1963,0,0.0
Chris,Amon,1964,0,2.0
Chris,Amon,1965,0,0.0
Chris,Amon,1966,0,0.0
Chris,Amon,1967,0,20.0
Chris,Amon,1968,0,10.0
Chris,Amon,1969,0,4.0
Chris,Amon,1970,0,23.0
Chris,Amon,1971,0,9.0
Chris,Amon,1972,0,12.0
Chris,Amon,1973,0,1.0
Chris,Amon,1974,0,0.0
Chris,Amon,1975,0,0.0
Chris,Amon,1976,0,2.0
Chris,Bristow,1959,0,0.0
Chris,Bristow,1960,0,0.0
Chris,Craft,1971,0,0.0
Chris,Irwin,1966,0,0.0
Chris,Irwin,1967,0,2.0
Chris,Lawrence,1966,0,0.0
Christian,Danner,1985,0,0.0
Christian,Danner,1986,0,1.0
Christian,Danner,1987,0,0.0
Christian,Danner,1989,0,3.0
Christian,Fittipaldi,1992,0,1.0
Christian,Fittipaldi,1993,0,5.0
Christian,Fittipaldi,1994,0,6.0
Christian,Goethals,1958,0,0.0
Christian,Klien,2004,0,3.0
Christian,Klien,2005,0,9.0
Christian,Klien,2006,0,2.0
Christian,Klien,2010,0,0.0
Christijan,Albers,2005,0,4.0
Christijan,Albers,2006,0,0.0
Christijan,Albers,2007,0,0.0
Chuck,Arnold,1959,0,0.0
Chuck,Daigh,1960,0,0.0
Chuck,Stevenson,1951,0,0.0
Chuck,Stevenson,1952,0,0.0
Chuck,Stevenson,1953,0,0.0
Chuck,Stevenson,1954,0,0.0
Chuck,Stevenson,1960,0,0.0
Chuck,Weyant,1955,0,0.0
Chuck,Weyant,1957,0,0.0
Chuck,Weyant,1958,0,0.0
Chuck,Weyant,1959,0,0.0
Claudio,Langes,1990,0,0.0
Clay,Regazzoni,1970,1,33.0
Clay,Regazzoni,1971,0,13.0
Clay,Regazzoni,1972,0,15.0
Clay,Regazzoni,1973,0,2.0
Clay,Regazzoni,1974,1,52.0
Clay,Regazzoni,1975,1,25.0
Clay,Regazzoni,1976,1,31.0
Clay,Regazzoni,1977,0,5.0
Clay,Regazzoni,1978,0,4.0
Clay,Regazzoni,1979,1,29.0
Clay,Regazzoni,1980,0,0.0
Clemar,Bucci,1954,0,0.0
Clemar,Bucci,1955,0,0.0
Clemente,Biondetti,1950,0,0.0
Cliff,Allison,1958,0,3.0
Cliff,Allison,1959,0,2.0
Cliff,Allison,1960,0,6.0
Cliff,Allison,1961,0,0.0
Cliff,Griffith,1951,0,0.0
Cliff,Griffith,1952,0,0.0
Cliff,Griffith,1956,0,0.0
Clive,Puzey,1965,0,0.0
Colin,Chapman,1956,0,0.0
Colin,Davis,1959,0,0.0
Colin,Davis,1962,0,0.0
Conny,Andersson,1976,0,0.0
Conny,Andersson,1977,0,0.0
Consalvo,Sanesi,1950,0,0.0
Consalvo,Sanesi,1951,0,3.0
Corrado,Fabi,1983,0,0.0
Corrado,Fabi,1984,0,0.0
Cristiano,da Matta,2003,0,10.0
Cristiano,da Matta,2004,0,3.0
Cuth,Harrison,1950,0,0.0
Damien,Magee,1975,0,0.0
Damien,Magee,1976,0,0.0
Damon,Hill,1992,0,0.0
Damon,Hill,1993,3,69.0
Damon,Hill,1994,6,91.0
Damon,Hill,1995,4,69.0
Damon,Hill,1996,8,97.0
Damon,Hill,1997,0,7.0
Damon,Hill,1998,1,20.0
Damon,Hill,1999,0,7.0
Dan,Gurney,1959,0,13.0
Dan,Gurney,1960,0,0.0
Dan,Gurney,1961,0,21.0
Dan,Gurney,1962,1,15.0
Dan,Gurney,1963,0,19.0
Dan,Gurney,1964,2,19.0
Dan,Gurney,1965,0,25.0
Dan,Gurney,1966,0,4.0
Dan,Gurney,1967,1,13.0
Dan,Gurney,1968,0,3.0
Dan,Gurney,1970,0,1.0
Daniel,Ricciardo,2011,0,0.0
Daniel,Ricciardo,2012,0,10.0
Daniel,Ricciardo,2013,0,20.0
Daniel,Ricciardo,2014,3,238.0
Daniel,Ricciardo,2015,0,92.0
Daniel,Ricciardo,2016,1,256.0
Daniel,Ricciardo,2017,1,200.0
Daniel,Ricciardo,2018,2,170.0
Daniel,Ricciardo,2019,0,54.0
Daniel,Ricciardo,2020,0,80.0
Daniil,Kvyat,2014,0,8.0
Daniil,Kvyat,2015,0,95.0
Daniil,Kvyat,2016,0,25.0
Daniil,Kvyat,2017,0,5.0
Daniil,Kvyat,2019,0,37.0
Daniil,Kvyat,2020,0,14.0
Danny,Kladis,1954,0,0.0
Danny,Ongais,1977,0,0.0
Danny,Ongais,1978,0,0.0
Danny,Sullivan,1983,0,2.0
Dave,Charlton,1965,0,0.0
Dave,Charlton,1967,0,0.0
Dave,Charlton,1968,0,0.0
Dave,Charlton,1970,0,0.0
Dave,Charlton,1971,0,0.0
Dave,Charlton,1972,0,0.0
Dave,Charlton,1973,0,0.0
Dave,Charlton,1974,0,0.0
Dave,Charlton,1975,0,0.0
Dave,Kennedy,1980,0,0.0
Dave,Morgan,1975,0,0.0
David,Brabham,1990,0,0.0
David,Brabham,1994,0,0.0
David,Clapham,1965,0,0.0
David,Coulthard,1994,0,14.0
David,Coulthard,1995,1,49.0
David,Coulthard,1996,0,18.0
David,Coulthard,1997,2,36.0
David,Coulthard,1998,1,56.0
David,Coulthard,1999,2,48.0
David,Coulthard,2000,3,73.0
David,Coulthard,2001,2,65.0
David,Coulthard,2002,1,41.0
David,Coulthard,2003,1,51.0
David,Coulthard,2004,0,24.0
David,Coulthard,2005,0,24.0
David,Coulthard,2006,0,14.0
David,Coulthard,2007,0,14.0
David,Coulthard,2008,0,8.0
David,Hampshire,1950,0,0.0
David,Hobbs,1967,0,0.0
David,Hobbs,1968,0,0.0
David,Hobbs,1971,0,0.0
David,Hobbs,1974,0,0.0
David,Murray,1950,0,0.0
David,Murray,1951,0,0.0
David,Murray,1952,0,0.0
David,Piper,1959,0,0.0
David,Piper,1960,0,0.0
David,Prophet,1963,0,0.0
David,Prophet,1965,0,0.0
David,Purley,1973,0,0.0
David,Purley,1974,0,0.0
David,Purley,1977,0,0.0
David,Walker,1971,0,0.0
David,Walker,1972,0,0.0
Dempsey,Wilson,1958,0,0.0
Dempsey,Wilson,1960,0,0.0
Dennis,Poore,1952,0,3.0
Dennis,Taylor,1959,0,0.0
Denny,Hulme,1965,0,5.0
Denny,Hulme,1966,0,18.0
Denny,Hulme,1967,2,51.0
Denny,Hulme,1968,2,33.0
Denny,Hulme,1969,1,20.0
Denny,Hulme,1970,0,27.0
Denny,Hulme,1971,0,9.0
Denny,Hulme,1972,1,39.0
Denny,Hulme,1973,1,26.0
Denny,Hulme,1974,1,20.0
Derek,Bell,1968,0,0.0
Derek,Bell,1969,0,0.0
Derek,Bell,1970,0,1.0
Derek,Bell,1971,0,0.0
Derek,Bell,1972,0,0.0
Derek,Bell,1974,0,0.0
Derek,Daly,1978,0,1.0
Derek,Daly,1979,0,0.0
Derek,Daly,1980,0,6.0
Derek,Daly,1981,0,0.0
Derek,Daly,1982,0,8.0
Derek,Warwick,1981,0,0.0
Derek,Warwick,1982,0,0.0
Derek,Warwick,1983,0,9.0
Derek,Warwick,1984,0,23.0
Derek,Warwick,1985,0,5.0
Derek,Warwick,1986,0,0.0
Derek,Warwick,1987,0,3.0
Derek,Warwick,1988,0,17.0
Derek,Warwick,1989,0,7.0
Derek,Warwick,1990,0,3.0
Derek,Warwick,1993,0,4.0
Desiré,Wilson,1980,0,0.0
Desmond,Titterington,1956,0,0.0
Dick,Gibson,1957,0,0.0
Dick,Gibson,1958,0,0.0
Dick,Rathmann,1950,0,0.0
Dick,Rathmann,1956,0,2.0
Dick,Rathmann,1958,0,0.0
Dick,Rathmann,1959,0,0.0
Dick,Rathmann,1960,0,0.0
Didier,Pironi,1978,0,7.0
Didier,Pironi,1979,0,14.0
Didier,Pironi,1980,1,32.0
Didier,Pironi,1981,0,9.0
Didier,Pironi,1982,2,39.0
Dieter,Quester,1974,0,0.0
Divina,Galica,1976,0,0.0
Divina,Galica,1978,0,0.0
Domenico,Schiattarella,1994,0,0.0
Domenico,Schiattarella,1995,0,0.0
Don,Beauman,1954,0,0.0
Don,Branson,1959,0,0.0
Don,Branson,1960,0,3.0
Don,Edmunds,1957,0,0.0
Don,Freeland,1953,0,0.0
Don,Freeland,1954,0,0.0
Don,Freeland,1955,0,0.0
Don,Freeland,1956,0,4.0
Don,Freeland,1957,0,0.0
Don,Freeland,1958,0,0.0
Don,Freeland,1959,0,0.0
Don,Freeland,1960,0,0.0
Dorino,Serafini,1950,0,3.0
Doug,Serrurier,1962,0,0.0
Doug,Serrurier,1963,0,0.0
Doug,Serrurier,1965,0,0.0
Dries,van der Lof,1952,0,0.0
Duane,Carter,1950,0,0.0
Duane,Carter,1951,0,0.0
Duane,Carter,1952,0,3.0
Duane,Carter,1953,0,2.0
Duane,Carter,1954,0,1.5
Duane,Carter,1955,0,0.0
Duane,Carter,1959,0,0.0
Duane,Carter,1960,0,0.0
Duke,Dinsmore,1950,0,0.0
Duke,Dinsmore,1951,0,0.0
Duke,Dinsmore,1953,0,0.0
Duke,Dinsmore,1956,0,0.0
Duke,Nalon,1951,0,0.0
Duke,Nalon,1952,0,0.0
Duke,Nalon,1953,0,0.0
Duncan,Hamilton,1951,0,0.0
Duncan,Hamilton,1952,0,0.0
Duncan,Hamilton,1953,0,0.0
Ed,Elisian,1954,0,0.0
Ed,Elisian,1955,0,0.0
Ed,Elisian,1956,0,0.0
Ed,Elisian,1957,0,0.0
Ed,Elisian,1958,0,0.0
Eddie,Cheever,1978,0,0.0
Eddie,Cheever,1980,0,0.0
Eddie,Cheever,1981,0,10.0
Eddie,Cheever,1982,0,15.0
Eddie,Cheever,1983,0,22.0
Eddie,Cheever,1984,0,3.0
Eddie,Cheever,1985,0,0.0
Eddie,Cheever,1986,0,0.0
Eddie,Cheever,1987,0,8.0
Eddie,Cheever,1988,0,6.0
Eddie,Cheever,1989,0,6.0
Eddie,Irvine,1993,0,1.0
Eddie,Irvine,1994,0,6.0
Eddie,Irvine,1995,0,10.0
Eddie,Irvine,1996,0,11.0
Eddie,Irvine,1997,0,24.0
Eddie,Irvine,1998,0,47.0
Eddie,Irvine,1999,4,74.0
Eddie,Irvine,2000,0,4.0
Eddie,Irvine,2001,0,6.0
Eddie,Irvine,2002,0,8.0
Eddie,Johnson,1952,0,0.0
Eddie,Johnson,1953,0,0.0
Eddie,Johnson,1954,0,0.0
Eddie,Johnson,1955,0,0.0
Eddie,Johnson,1956,0,0.0
Eddie,Johnson,1957,0,0.0
Eddie,Johnson,1958,0,0.0
Eddie,Johnson,1959,0,0.0
Eddie,Johnson,1960,0,1.0
Eddie,Keizan,1973,0,0.0
Eddie,Keizan,1974,0,0.0
Eddie,Keizan,1975,0,0.0
Eddie,Russo,1955,0,0.0
Eddie,Russo,1956,0,0.0
Eddie,Russo,1957,0,0.0
Eddie,Russo,1960,0,0.0
Eddie,Sachs,1957,0,0.0
Eddie,Sachs,1958,0,0.0
Eddie,Sachs,1959,0,0.0
Eddie,Sachs,1960,0,0.0
Edgar,Barth,1953,0,0.0
Edgar,Barth,1957,0,0.0
Edgar,Barth,1958,0,0.0
Edgar,Barth,1960,0,0.0
Edgar,Barth,1961,0,0.0
Edgar,Barth,1964,0,0.0
Eitel,Cantoni,1952,0,0.0
Elio,de Angelis,1979,0,3.0
Elio,de Angelis,1980,0,13.0
Elio,de Angelis,1981,0,14.0
Elio,de Angelis,1982,1,23.0
Elio,de Angelis,1983,0,2.0
Elio,de Angelis,1984,0,34.0
Elio,de Angelis,1985,1,33.0
Elio,de Angelis,1986,0,0.0
Eliseo,Salazar,1981,0,1.0
Eliseo,Salazar,1982,0,2.0
Eliseo,Salazar,1983,0,0.0
Elmer,George,1957,0,0.0
Emanuele,Naspetti,1992,0,0.0
Emanuele,Pirro,1989,0,2.0
Emanuele,Pirro,1990,0,0.0
Emanuele,Pirro,1991,0,1.0
Emerson,Fittipaldi,1970,1,12.0
Emerson,Fittipaldi,1971,0,16.0
Emerson,Fittipaldi,1972,5,61.0
Emerson,Fittipaldi,1973,3,55.0
Emerson,Fittipaldi,1974,3,55.0
Emerson,Fittipaldi,1975,2,45.0
Emerson,Fittipaldi,1976,0,3.0
Emerson,Fittipaldi,1977,0,11.0
Emerson,Fittipaldi,1978,0,17.0
Emerson,Fittipaldi,1979,0,1.0
Emerson,Fittipaldi,1980,0,5.0
Emilio,Zapico,1976,0,0.0
Emilio,de Villota,1976,0,0.0
Emilio,de Villota,1977,0,0.0
Emilio,de Villota,1978,0,0.0
Emilio,de Villota,1982,0,0.0
Enrico,Bertaggia,1989,0,0.0
Enrique,Bernoldi,2001,0,0.0
Enrique,Bernoldi,2002,0,0.0
Eppie,Wietzes,1974,0,0.0
Eric,Brandon,1952,0,0.0
Eric,Brandon,1954,0,0.0
Eric,Thompson,1952,0,2.0
Eric,van de Poele,1991,0,0.0
Eric,van de Poele,1992,0,0.0
Ernesto,Brambilla,1963,0,0.0
Ernesto,Prinoth,1961,0,0.0
Ernesto,Prinoth,1962,0,0.0
Ernie,McCoy,1953,0,0.0
Ernie,McCoy,1954,0,0.0
Ernie,Pieterse,1962,0,0.0
Ernie,Pieterse,1963,0,0.0
Ernie,Pieterse,1965,0,0.0
Ernie,de Vos,1963,0,0.0
Ernst,Klodwig,1952,0,0.0
Ernst,Klodwig,1953,0,0.0
Ernst,Loof,1953,0,0.0
Erwin,Bauer,1953,0,0.0
Esteban,Gutiérrez,2013,0,6.0
Esteban,Gutiérrez,2014,0,0.0
Esteban,Gutiérrez,2016,0,0.0
Esteban,Ocon,2016,0,0.0
Esteban,Ocon,2017,0,87.0
Esteban,Ocon,2018,0,49.0
Esteban,Ocon,2020,0,40.0
Esteban,Tuero,1998,0,0.0
Ettore,Chimeri,1960,0,0.0
Eugenio,Castellotti,1955,0,12.0
Eugenio,Castellotti,1956,0,7.5
Eugenio,Castellotti,1957,0,0.0
Eugène,Chaboud,1950,0,1.0
Eugène,Chaboud,1951,0,0.0
Eugène,Martin,1950,0,0.0
Fabrizio,Barbazza,1991,0,0.0
Fabrizio,Barbazza,1993,0,2.0
Felice,Bonetto,1950,0,2.0
Felice,Bonetto,1951,0,7.0
Felice,Bonetto,1952,0,2.0
Felice,Bonetto,1953,0,6.5
Felipe,Massa,2002,0,4.0
Felipe,Massa,2004,0,12.0
Felipe,Massa,2005,0,11.0
Felipe,Massa,2006,2,80.0
Felipe,Massa,2007,3,94.0
Felipe,Massa,2008,6,97.0
Felipe,Massa,2009,0,22.0
Felipe,Massa,2010,0,144.0
Felipe,Massa,2011,0,118.0
Felipe,Massa,2012,0,122.0
Felipe,Massa,2013,0,112.0
Felipe,Massa,2014,0,134.0
Felipe,Massa,2015,0,121.0
Felipe,Massa,2016,0,53.0
Felipe,Massa,2017,0,43.0
Felipe,Nasr,2015,0,27.0
Felipe,Nasr,2016,0,2.0
Fernando,Alonso,2001,0,0.0
Fernando,Alonso,2003,1,55.0
Fernando,Alonso,2004,0,59.0
Fernando,Alonso,2005,7,133.0
Fernando,Alonso,2006,7,134.0
Fernando,Alonso,2007,4,109.0
Fernando,Alonso,2008,2,61.0
Fernando,Alonso,2009,0,26.0
Fernando,Alonso,2010,5,252.0
Fernando,Alonso,2011,1,257.0
Fernando,Alonso,2012,3,278.0
Fernando,Alonso,2013,2,242.0
Fernando,Alonso,2014,0,161.0
Fernando,Alonso,2015,0,11.0
Fernando,Alonso,2016,0,54.0
Fernando,Alonso,2017,0,17.0
Fernando,Alonso,2018,0,50.0
Franck,Lagorce,1994,0,0.0
Franck,Montagny,2006,0,0.0
Franco,Comotti,1950,0,0.0
Franco,Comotti,1952,0,0.0
Franco,Forini,1987,0,0.0
Franco,Rol,1950,0,0.0
Franco,Rol,1951,0,0.0
Franco,Rol,1952,0,0.0
Frank,Armi,1954,0,0.0
Frank,Dochnal,1963,0,0.0
Frank,Gardner,1964,0,0.0
Frank,Gardner,1965,0,0.0
Frank,Gardner,1968,0,0.0
François,Cevert,1970,0,1.0
François,Cevert,1971,1,26.0
François,Cevert,1972,0,15.0
François,Cevert,1973,0,47.0
François,Hesnault,1984,0,0.0
François,Hesnault,1985,0,0.0
François,Mazet,1971,0,0.0
François,Migault,1972,0,0.0
François,Migault,1974,0,0.0
François,Migault,1975,0,0.0
François,Picard,1958,0,0.0
Fred,Agabashian,1950,0,0.0
Fred,Agabashian,1951,0,0.0
Fred,Agabashian,1952,0,0.0
Fred,Agabashian,1953,0,1.5
Fred,Agabashian,1954,0,0.0
Fred,Agabashian,1955,0,0.0
Fred,Agabashian,1956,0,0.0
Fred,Agabashian,1957,0,0.0
Fred,Gamble,1960,0,0.0
Fred,Wacker,1953,0,0.0
Fred,Wacker,1954,0,0.0
Fritz,Riess,1952,0,0.0
Fritz,d'Orey,1959,0,0.0
Gabriele,Tarquini,1987,0,0.0
Gabriele,Tarquini,1988,0,0.0
Gabriele,Tarquini,1989,0,1.0
Gabriele,Tarquini,1990,0,0.0
Gabriele,Tarquini,1991,0,0.0
Gabriele,Tarquini,1992,0,0.0
Gabriele,Tarquini,1995,0,0.0
Gaetano,Starrabba,1961,0,0.0
Gaetano,Starrabba,1963,0,0.0
Gary,Brabham,1990,0,0.0
Gary,Hocking,1962,0,0.0
Gastón,Mazzacane,2000,0,0.0
Gastón,Mazzacane,2001,0,0.0
Gene,Force,1951,0,0.0
Gene,Force,1960,0,0.0
Gene,Hartley,1950,0,0.0
Gene,Hartley,1952,0,0.0
Gene,Hartley,1953,0,0.0
Gene,Hartley,1954,0,0.0
Gene,Hartley,1956,0,0.0
Gene,Hartley,1957,0,0.0
Gene,Hartley,1959,0,0.0
Gene,Hartley,1960,0,0.0
Geoff,Crossley,1950,0,0.0
Geoff,Duke,1961,0,0.0
Geoff,Lees,1978,0,0.0
Geoff,Lees,1979,0,0.0
Geoff,Lees,1980,0,0.0
Geoff,Lees,1982,0,0.0
George,Abecassis,1951,0,0.0
George,Abecassis,1952,0,0.0
George,Amick,1958,0,6.0
George,Connor,1950,0,0.0
George,Connor,1951,0,0.0
George,Connor,1952,0,0.0
George,Constantine,1959,0,0.0
George,Eaton,1969,0,0.0
George,Eaton,1970,0,0.0
George,Eaton,1971,0,0.0
George,Follmer,1973,0,5.0
George,Fonder,1952,0,0.0
George,Fonder,1954,0,0.0
George,Russell,2019,0,0.0
George,Russell,2020,0,0.0
Georges,Berger,1953,0,0.0
Georges,Berger,1954,0,0.0
Georges,Grignard,1951,0,0.0
Gerhard,Berger,1984,0,0.0
Gerhard,Berger,1985,0,3.0
Gerhard,Berger,1986,1,17.0
Gerhard,Berger,1987,2,36.0
Gerhard,Berger,1988,1,41.0
Gerhard,Berger,1989,1,21.0
Gerhard,Berger,1990,0,43.0
Gerhard,Berger,1991,1,43.0
Gerhard,Berger,1992,2,49.0
Gerhard,Berger,1993,0,12.0
Gerhard,Berger,1994,1,41.0
Gerhard,Berger,1995,0,31.0
Gerhard,Berger,1996,0,21.0
Gerhard,Berger,1997,1,27.0
Gerhard,Mitter,1963,0,3.0
Gerhard,Mitter,1964,0,0.0
Gerhard,Mitter,1965,0,0.0
Gerino,Gerini,1956,0,1.5
Gerino,Gerini,1958,0,0.0
Gerry,Ashmore,1961,0,0.0
Gerry,Ashmore,1962,0,0.0
Giacomo,Russo,1964,0,0.0
Giacomo,Russo,1965,0,0.0
Giacomo,Russo,1966,0,0.0
Giancarlo,Baghetti,1961,1,9.0
Giancarlo,Baghetti,1962,0,5.0
Giancarlo,Baghetti,1963,0,0.0
Giancarlo,Baghetti,1964,0,0.0
Giancarlo,Baghetti,1965,0,0.0
Giancarlo,Baghetti,1966,0,0.0
Giancarlo,Baghetti,1967,0,0.0
Giancarlo,Fisichella,1996,0,0.0
Giancarlo,Fisichella,1997,0,20.0
Giancarlo,Fisichella,1998,0,16.0
Giancarlo,Fisichella,1999,0,13.0
Giancarlo,Fisichella,2000,0,18.0
Giancarlo,Fisichella,2001,0,8.0
Giancarlo,Fisichella,2002,0,7.0
Giancarlo,Fisichella,2003,1,12.0
Giancarlo,Fisichella,2004,0,22.0
Giancarlo,Fisichella,2005,1,58.0
Giancarlo,Fisichella,2006,1,72.0
Giancarlo,Fisichella,2007,0,21.0
Giancarlo,Fisichella,2008,0,0.0
Giancarlo,Fisichella,2009,0,8.0
Gianfranco,Brancatelli,1979,0,0.0
Gianmaria,Bruni,2004,0,0.0
Gianni,Morbidelli,1990,0,0.0
Gianni,Morbidelli,1991,0,0.5
Gianni,Morbidelli,1992,0,0.0
Gianni,Morbidelli,1994,0,3.0
Gianni,Morbidelli,1995,0,5.0
Gianni,Morbidelli,1997,0,0.0
Giedo,van der Garde,2013,0,0.0
Gijs,van Lennep,1971,0,0.0
Gijs,van Lennep,1973,0,1.0
Gijs,van Lennep,1974,0,0.0
Gijs,van Lennep,1975,0,1.0
Gilles,Villeneuve,1977,0,0.0
Gilles,Villeneuve,1978,1,17.0
Gilles,Villeneuve,1979,3,47.0
Gilles,Villeneuve,1980,0,6.0
Gilles,Villeneuve,1981,2,25.0
Gilles,Villeneuve,1982,0,6.0
Gino,Bianco,1952,0,0.0
Gino,Munaron,1960,0,0.0
Giorgio,Bassi,1965,0,0.0
Giorgio,Francia,1977,0,0.0
Giorgio,Francia,1981,0,0.0
Giorgio,Pantano,2004,0,0.0
Giorgio,Scarlatti,1956,0,0.0
Giorgio,Scarlatti,1957,0,1.0
Giorgio,Scarlatti,1958,0,0.0
Giorgio,Scarlatti,1959,0,0.0
Giorgio,Scarlatti,1960,0,0.0
Giorgio,Scarlatti,1961,0,0.0
Giovanni,Lavaggi,1996,0,0.0
Giovanni,de Riu,1954,0,0.0
Giulio,Cabianca,1958,0,0.0
Giulio,Cabianca,1959,0,0.0
Giulio,Cabianca,1960,0,3.0
Graham,Hill,1958,0,0.0
Graham,Hill,1959,0,0.0
Graham,Hill,1960,0,4.0
Graham,Hill,1961,0,3.0
Graham,Hill,1962,4,42.0
Graham,Hill,1963,2,29.0
Graham,Hill,1964,2,39.0
Graham,Hill,1965,2,40.0
Graham,Hill,1966,0,17.0
Graham,Hill,1967,0,15.0
Graham,Hill,1968,3,48.0
Graham,Hill,1969,1,19.0
Graham,Hill,1970,0,7.0
Graham,Hill,1971,0,2.0
Graham,Hill,1972,0,4.0
Graham,Hill,1973,0,0.0
Graham,Hill,1974,0,1.0
Graham,Hill,1975,0,0.0
Graham,McRae,1973,0,0.0
Graham,Whitehead,1952,0,0.0
Gregor,Foitek,1989,0,0.0
Gregor,Foitek,1990,0,0.0
Gunnar,Nilsson,1976,0,11.0
Gunnar,Nilsson,1977,1,20.0
Gus,Hutchison,1970,0,0.0
Guy,Edwards,1974,0,0.0
Guy,Edwards,1976,0,0.0
Guy,Edwards,1977,0,0.0
Guy,Ligier,1966,0,0.0
Guy,Ligier,1967,0,1.0
Guy,Mairesse,1950,0,0.0
Guy,Mairesse,1951,0,0.0
Guy,Tunmer,1975,0,0.0
Gérard,Larrousse,1974,0,0.0
Günther,Bechem,1952,0,0.0
Günther,Bechem,1953,0,0.0
Günther,Seiffert,1962,0,0.0
Günther,Seiffert,1963,0,0.0
Hans,Binder,1976,0,0.0
Hans,Binder,1977,0,0.0
Hans,Binder,1978,0,0.0
Hans,Herrmann,1953,0,0.0
Hans,Herrmann,1954,0,8.0
Hans,Herrmann,1955,0,1.0
Hans,Herrmann,1957,0,0.0
Hans,Herrmann,1958,0,0.0
Hans,Herrmann,1959,0,0.0
Hans,Herrmann,1960,0,1.0
Hans,Herrmann,1961,0,0.0
Hans,Heyer,1977,0,0.0
Hans,Klenk,1952,0,0.0
Hans,von Stuck,1952,0,0.0
Hans,von Stuck,1953,0,0.0
Hans-Joachim,Stuck,1974,0,5.0
Hans-Joachim,Stuck,1975,0,0.0
Hans-Joachim,Stuck,1976,0,8.0
Hans-Joachim,Stuck,1977,0,12.0
Hans-Joachim,Stuck,1978,0,2.0
Hans-Joachim,Stuck,1979,0,2.0
Hap,Sharp,1961,0,0.0
Hap,Sharp,1962,0,0.0
Hap,Sharp,1963,0,0.0
Hap,Sharp,1964,0,0.0
Harald,Ertl,1975,0,0.0
Harald,Ertl,1976,0,0.0
Harald,Ertl,1977,0,0.0
Harald,Ertl,1978,0,0.0
Harald,Ertl,1980,0,0.0
Harry,Blanchard,1959,0,0.0
Harry,Schell,1950,0,0.0
Harry,Schell,1951,0,0.0
Harry,Schell,1952,0,0.0
Harry,Schell,1953,0,0.0
Harry,Schell,1954,0,0.0
Harry,Schell,1955,0,0.0
Harry,Schell,1956,0,3.0
Harry,Schell,1957,0,10.0
Harry,Schell,1958,0,14.0
Harry,Schell,1959,0,5.0
Harry,Schell,1960,0,0.0
Hector,Rebaque,1977,0,0.0
Hector,Rebaque,1978,0,1.0
Hector,Rebaque,1979,0,0.0
Hector,Rebaque,1980,0,1.0
Hector,Rebaque,1981,0,11.0
Heikki,Kovalainen,2007,0,30.0
Heikki,Kovalainen,2008,1,53.0
Heikki,Kovalainen,2009,0,22.0
Heikki,Kovalainen,2010,0,0.0
Heikki,Kovalainen,2011,0,0.0
Heikki,Kovalainen,2012,0,0.0
Heikki,Kovalainen,2013,0,0.0
Heini,Walter,1962,0,0.0
Heinz,Schiller,1962,0,0.0
Heinz-Harald,Frentzen,1994,0,7.0
Heinz-Harald,Frentzen,1995,0,15.0
Heinz-Harald,Frentzen,1996,0,7.0
Heinz-Harald,Frentzen,1997,1,42.0
Heinz-Harald,Frentzen,1998,0,17.0
Heinz-Harald,Frentzen,1999,2,54.0
Heinz-Harald,Frentzen,2000,0,11.0
Heinz-Harald,Frentzen,2001,0,6.0
Heinz-Harald,Frentzen,2002,0,2.0
Heinz-Harald,Frentzen,2003,0,13.0
Helmut,Marko,1971,0,0.0
Helmut,Marko,1972,0,0.0
Helmut,Niedermayr,1952,0,0.0
Helmuth,Koinigg,1974,0,0.0
Henri,Louveau,1950,0,0.0
Henri,Louveau,1951,0,0.0
Henri,Pescarolo,1968,0,0.0
Henri,Pescarolo,1970,0,8.0
Henri,Pescarolo,1971,0,4.0
Henri,Pescarolo,1972,0,0.0
Henri,Pescarolo,1973,0,0.0
Henri,Pescarolo,1974,0,0.0
Henri,Pescarolo,1976,0,0.0
Henry,Banks,1950,0,0.0
Henry,Banks,1951,0,0.0
Henry,Banks,1952,0,0.0
Henry,Taylor,1959,0,0.0
Henry,Taylor,1960,0,3.0
Henry,Taylor,1961,0,0.0
Herbert,MacKay-Fraser,1957,0,0.0
Hermann,Lang,1953,0,2.0
Hermann,Lang,1954,0,0.0
Hernando,da Silva Ramos,1955,0,0.0
Hernando,da Silva Ramos,1956,0,2.0
Hideki,Noda,1994,0,0.0
Hiroshi,Fushida,1975,0,0.0
Horace,Gould,1954,0,0.0
Horace,Gould,1955,0,0.0
Horace,Gould,1956,0,2.0
Horace,Gould,1957,0,0.0
Horace,Gould,1958,0,0.0
Horace,Gould,1960,0,0.0
Howden,Ganley,1971,0,5.0
Howden,Ganley,1972,0,4.0
Howden,Ganley,1973,0,1.0
Howden,Ganley,1974,0,0.0
Hubert,Hahne,1967,0,0.0
Hubert,Hahne,1968,0,0.0
Hubert,Hahne,1970,0,0.0
Huub,Rothengatter,1984,0,0.0
Huub,Rothengatter,1985,0,0.0
Huub,Rothengatter,1986,0,0.0
Ian,Ashley,1974,0,0.0
Ian,Ashley,1975,0,0.0
Ian,Ashley,1976,0,0.0
Ian,Ashley,1977,0,0.0
Ian,Burgess,1958,0,0.0
Ian,Burgess,1959,0,0.0
Ian,Burgess,1960,0,0.0
Ian,Burgess,1961,0,0.0
Ian,Burgess,1962,0,0.0
Ian,Burgess,1963,0,0.0
Ian,Raby,1963,0,0.0
Ian,Raby,1964,0,0.0
Ian,Raby,1965,0,0.0
Ian,Scheckter,1974,0,0.0
Ian,Scheckter,1975,0,0.0
Ian,Scheckter,1976,0,0.0
Ian,Scheckter,1977,0,0.0
Ian,Stewart,1953,0,0.0
Ignazio,Giunti,1970,0,3.0
Ingo,Hoffmann,1976,0,0.0
Ingo,Hoffmann,1977,0,0.0
Innes,Ireland,1959,0,5.0
Innes,Ireland,1960,0,18.0
Innes,Ireland,1961,1,12.0
Innes,Ireland,1962,0,2.0
Innes,Ireland,1963,0,6.0
Innes,Ireland,1964,0,4.0
Innes,Ireland,1965,0,0.0
Innes,Ireland,1966,0,0.0
Ivan,Capelli,1985,0,3.0
Ivan,Capelli,1986,0,0.0
Ivan,Capelli,1987,0,1.0
Ivan,Capelli,1988,0,17.0
Ivan,Capelli,1989,0,0.0
Ivan,Capelli,1990,0,6.0
Ivan,Capelli,1991,0,1.0
Ivan,Capelli,1992,0,3.0
Ivor,Bueb,1957,0,0.0
Ivor,Bueb,1958,0,0.0
Ivor,Bueb,1959,0,0.0
Jac,Nelleman,1976,0,0.0
Jack,Brabham,1955,0,0.0
Jack,Brabham,1956,0,0.0
Jack,Brabham,1957,0,0.0
Jack,Brabham,1958,0,3.0
Jack,Brabham,1959,2,31.0
Jack,Brabham,1960,5,43.0
Jack,Brabham,1961,0,4.0
Jack,Brabham,1962,0,9.0
Jack,Brabham,1963,0,14.0
Jack,Brabham,1964,0,11.0
Jack,Brabham,1965,0,9.0
Jack,Brabham,1966,4,42.0
Jack,Brabham,1967,2,46.0
Jack,Brabham,1968,0,2.0
Jack,Brabham,1969,0,14.0
Jack,Brabham,1970,1,25.0
Jack,Fairman,1953,0,0.0
Jack,Fairman,1955,0,0.0
Jack,Fairman,1956,0,5.0
Jack,Fairman,1957,0,0.0
Jack,Fairman,1958,0,0.0
Jack,Fairman,1959,0,0.0
Jack,Fairman,1960,0,0.0
Jack,Fairman,1961,0,0.0
Jack,McGrath,1950,0,0.0
Jack,McGrath,1951,0,2.0
Jack,McGrath,1952,0,0.0
Jack,McGrath,1953,0,2.0
Jack,McGrath,1954,0,5.0
Jack,McGrath,1955,0,0.0
Jack,Turner,1956,0,0.0
Jack,Turner,1957,0,0.0
Jack,Turner,1958,0,0.0
Jack,Turner,1959,0,0.0
Jackie,Holmes,1950,0,0.0
Jackie,Holmes,1953,0,0.0
Jackie,Lewis,1961,0,3.0
Jackie,Lewis,1962,0,0.0
Jackie,Oliver,1967,0,0.0
Jackie,Oliver,1968,0,6.0
Jackie,Oliver,1969,0,1.0
Jackie,Oliver,1970,0,2.0
Jackie,Oliver,1971,0,0.0
Jackie,Oliver,1972,0,0.0
Jackie,Oliver,1973,0,4.0
Jackie,Oliver,1977,0,0.0
Jackie,Pretorius,1965,0,0.0
Jackie,Pretorius,1968,0,0.0
Jackie,Pretorius,1971,0,0.0
Jackie,Pretorius,1973,0,0.0
Jackie,Stewart,1965,1,33.0
Jackie,Stewart,1966,1,14.0
Jackie,Stewart,1967,0,10.0
Jackie,Stewart,1968,3,36.0
Jackie,Stewart,1969,6,63.0
Jackie,Stewart,1970,1,25.0
Jackie,Stewart,1971,6,62.0
Jackie,Stewart,1972,4,45.0
Jackie,Stewart,1973,5,71.0
Jacky,Ickx,1967,0,1.0
Jacky,Ickx,1968,1,27.0
Jacky,Ickx,1969,2,37.0
Jacky,Ickx,1970,3,40.0
Jacky,Ickx,1971,1,19.0
Jacky,Ickx,1972,1,27.0
Jacky,Ickx,1973,0,12.0
Jacky,Ickx,1974,0,12.0
Jacky,Ickx,1975,0,3.0
Jacky,Ickx,1976,0,0.0
Jacky,Ickx,1977,0,0.0
Jacky,Ickx,1978,0,0.0
Jacky,Ickx,1979,0,3.0
Jacques,Laffite,1974,0,0.0
Jacques,Laffite,1975,0,6.0
Jacques,Laffite,1976,0,20.0
Jacques,Laffite,1977,1,18.0
Jacques,Laffite,1978,0,19.0
Jacques,Laffite,1979,2,36.0
Jacques,Laffite,1980,1,34.0
Jacques,Laffite,1981,2,44.0
Jacques,Laffite,1982,0,5.0
Jacques,Laffite,1983,0,11.0
Jacques,Laffite,1984,0,5.0
Jacques,Laffite,1985,0,16.0
Jacques,Laffite,1986,0,14.0
Jacques,Pollet,1954,0,0.0
Jacques,Pollet,1955,0,0.0
Jacques,Swaters,1951,0,0.0
Jacques,Swaters,1953,0,0.0
Jacques,Swaters,1954,0,0.0
Jacques,Villeneuve,1996,4,78.0
Jacques,Villeneuve,1997,7,81.0
Jacques,Villeneuve,1998,0,21.0
Jacques,Villeneuve,1999,0,0.0
Jacques,Villeneuve,2000,0,17.0
Jacques,Villeneuve,2001,0,12.0
Jacques,Villeneuve,2002,0,4.0
Jacques,Villeneuve,2003,0,6.0
Jacques,Villeneuve,2004,0,0.0
Jacques,Villeneuve,2005,0,9.0
Jacques,Villeneuve,2006,0,7.0
Jacques,Villeneuve Sr.,1981,0,0.0
Jacques,Villeneuve Sr.,1983,0,0.0
Jaime,Alguersuari,2009,0,0.0
Jaime,Alguersuari,2010,0,5.0
Jaime,Alguersuari,2011,0,26.0
James,Hunt,1973,0,14.0
James,Hunt,1974,0,15.0
James,Hunt,1975,1,33.0
James,Hunt,1976,6,69.0
James,Hunt,1977,3,40.0
James,Hunt,1978,0,8.0
James,Hunt,1979,0,0.0
Jan,Flinterman,1952,0,0.0
Jan,Lammers,1979,0,0.0
Jan,Lammers,1980,0,0.0
Jan,Lammers,1981,0,0.0
Jan,Lammers,1982,0,0.0
Jan,Lammers,1992,0,0.0
Jan,Magnussen,1995,0,0.0
Jan,Magnussen,1997,0,0.0
Jan,Magnussen,1998,0,1.0
Jarno,Trulli,1997,0,3.0
Jarno,Trulli,1998,0,1.0
Jarno,Trulli,1999,0,7.0
Jarno,Trulli,2000,0,6.0
Jarno,Trulli,2001,0,12.0
Jarno,Trulli,2002,0,9.0
Jarno,Trulli,2003,0,33.0
Jarno,Trulli,2004,1,46.0
Jarno,Trulli,2005,0,43.0
Jarno,Trulli,2006,0,15.0
Jarno,Trulli,2007,0,8.0
Jarno,Trulli,2008,0,31.0
Jarno,Trulli,2009,0,32.5
Jarno,Trulli,2010,0,0.0
Jarno,Trulli,2011,0,0.0
Jay,Chamberlain,1962,0,0.0
Jean,Alesi,1989,0,8.0
Jean,Alesi,1990,0,13.0
Jean,Alesi,1991,0,21.0
Jean,Alesi,1992,0,18.0
Jean,Alesi,1993,0,16.0
Jean,Alesi,1994,0,24.0
Jean,Alesi,1995,1,42.0
Jean,Alesi,1996,0,47.0
Jean,Alesi,1997,0,36.0
Jean,Alesi,1998,0,9.0
Jean,Alesi,1999,0,2.0
Jean,Alesi,2000,0,0.0
Jean,Alesi,2001,0,5.0
Jean,Behra,1952,0,6.0
Jean,Behra,1953,0,0.0
Jean,Behra,1954,0,0.0
Jean,Behra,1955,0,6.0
Jean,Behra,1956,0,22.0
Jean,Behra,1957,0,6.0
Jean,Behra,1958,0,9.0
Jean,Behra,1959,0,2.0
Jean,Lucas,1955,0,0.0
Jean,Lucienbonnet,1959,0,0.0
Jean-Christophe,Boullion,1995,0,3.0
Jean-Denis,Délétraz,1994,0,0.0
Jean-Denis,Délétraz,1995,0,0.0
Jean-Louis,Schlesser,1983,0,0.0
Jean-Louis,Schlesser,1988,0,0.0
Jean-Marc,Gounon,1994,0,0.0
Jean-Pierre,Beltoise,1967,0,0.0
Jean-Pierre,Beltoise,1968,0,11.0
Jean-Pierre,Beltoise,1969,0,21.0
Jean-Pierre,Beltoise,1970,0,16.0
Jean-Pierre,Beltoise,1971,0,1.0
Jean-Pierre,Beltoise,1972,1,9.0
Jean-Pierre,Beltoise,1973,0,9.0
Jean-Pierre,Beltoise,1974,0,10.0
Jean-Pierre,Jabouille,1974,0,0.0
Jean-Pierre,Jabouille,1975,0,0.0
Jean-Pierre,Jabouille,1977,0,0.0
Jean-Pierre,Jabouille,1978,0,3.0
Jean-Pierre,Jabouille,1979,1,9.0
Jean-Pierre,Jabouille,1980,1,9.0
Jean-Pierre,Jabouille,1981,0,0.0
Jean-Pierre,Jarier,1971,0,0.0
Jean-Pierre,Jarier,1973,0,0.0
Jean-Pierre,Jarier,1974,0,6.0
Jean-Pierre,Jarier,1975,0,1.5
Jean-Pierre,Jarier,1976,0,0.0
Jean-Pierre,Jarier,1977,0,1.0
Jean-Pierre,Jarier,1978,0,0.0
Jean-Pierre,Jarier,1979,0,14.0
Jean-Pierre,Jarier,1980,0,6.0
Jean-Pierre,Jarier,1981,0,0.0
Jean-Pierre,Jarier,1982,0,3.0
Jean-Pierre,Jarier,1983,0,0.0
Jean-Éric,Vergne,2012,0,16.0
Jean-Éric,Vergne,2013,0,13.0
Jean-Éric,Vergne,2014,0,22.0
Jenson,Button,2000,0,12.0
Jenson,Button,2001,0,2.0
Jenson,Button,2002,0,14.0
Jenson,Button,2003,0,17.0
Jenson,Button,2004,0,85.0
Jenson,Button,2005,0,37.0
Jenson,Button,2006,1,56.0
Jenson,Button,2007,0,6.0
Jenson,Button,2008,0,3.0
Jenson,Button,2009,6,95.0
Jenson,Button,2010,2,214.0
Jenson,Button,2011,3,270.0
Jenson,Button,2012,3,188.0
Jenson,Button,2013,0,73.0
Jenson,Button,2014,0,126.0
Jenson,Button,2015,0,16.0
Jenson,Button,2016,0,21.0
Jenson,Button,2017,0,0.0
Jerry,Hoyt,1950,0,0.0
Jerry,Hoyt,1953,0,0.0
Jerry,Hoyt,1954,0,0.0
Jerry,Hoyt,1955,0,0.0
Jerry,Unser,1958,0,0.0
Jesús,Iglesias,1955,0,0.0
Jim,Clark,1960,0,8.0
Jim,Clark,1961,0,11.0
Jim,Clark,1962,3,30.0
Jim,Clark,1963,7,54.0
Jim,Clark,1964,3,32.0
Jim,Clark,1965,6,54.0
Jim,Clark,1966,1,16.0
Jim,Clark,1967,4,41.0
Jim,Clark,1968,1,9.0
Jim,Crawford,1975,0,0.0
Jim,Hall,1960,0,0.0
Jim,Hall,1961,0,0.0
Jim,Hall,1962,0,0.0
Jim,Hall,1963,0,3.0
Jim,Hurtubise,1960,0,0.0
Jim,McWithey,1959,0,0.0
Jim,McWithey,1960,0,0.0
Jim,Rathmann,1950,0,0.0
Jim,Rathmann,1952,0,6.0
Jim,Rathmann,1953,0,0.0
Jim,Rathmann,1954,0,0.0
Jim,Rathmann,1955,0,0.0
Jim,Rathmann,1956,0,0.0
Jim,Rathmann,1957,0,7.0
Jim,Rathmann,1958,0,2.0
Jim,Rathmann,1959,0,6.0
Jim,Rathmann,1960,1,8.0
Jim,Rigsby,1952,0,0.0
Jimmy,Bryan,1952,0,0.0
Jimmy,Bryan,1953,0,0.0
Jimmy,Bryan,1954,0,6.0
Jimmy,Bryan,1955,0,0.0
Jimmy,Bryan,1956,0,0.0
Jimmy,Bryan,1957,0,4.0
Jimmy,Bryan,1958,1,8.0
Jimmy,Bryan,1959,0,0.0
Jimmy,Bryan,1960,0,0.0
Jimmy,Davies,1950,0,0.0
Jimmy,Davies,1951,0,0.0
Jimmy,Davies,1953,0,0.0
Jimmy,Davies,1954,0,0.0
Jimmy,Davies,1955,0,4.0
Jimmy,Daywalt,1953,0,0.0
Jimmy,Daywalt,1954,0,0.0
Jimmy,Daywalt,1955,0,0.0
Jimmy,Daywalt,1956,0,0.0
Jimmy,Daywalt,1957,0,0.0
Jimmy,Daywalt,1959,0,0.0
Jimmy,Jackson,1950,0,0.0
Jimmy,Jackson,1954,0,0.0
Jimmy,Reece,1952,0,0.0
Jimmy,Reece,1954,0,0.0
Jimmy,Reece,1955,0,0.0
Jimmy,Reece,1956,0,0.0
Jimmy,Reece,1957,0,0.0
Jimmy,Reece,1958,0,0.0
Jimmy,Stewart,1953,0,0.0
Jo,Bonnier,1956,0,0.0
Jo,Bonnier,1957,0,0.0
Jo,Bonnier,1958,0,3.0
Jo,Bonnier,1959,1,10.0
Jo,Bonnier,1960,0,4.0
Jo,Bonnier,1961,0,3.0
Jo,Bonnier,1962,0,3.0
Jo,Bonnier,1963,0,6.0
Jo,Bonnier,1964,0,3.0
Jo,Bonnier,1965,0,0.0
Jo,Bonnier,1966,0,1.0
Jo,Bonnier,1967,0,3.0
Jo,Bonnier,1968,0,3.0
Jo,Bonnier,1969,0,0.0
Jo,Bonnier,1970,0,0.0
Jo,Bonnier,1971,0,0.0
Jo,Gartner,1984,0,0.0
Jo,Schlesser,1967,0,0.0
Jo,Schlesser,1968,0,0.0
Jo,Siffert,1962,0,0.0
Jo,Siffert,1963,0,1.0
Jo,Siffert,1964,0,7.0
Jo,Siffert,1965,0,5.0
Jo,Siffert,1966,0,3.0
Jo,Siffert,1967,0,6.0
Jo,Siffert,1968,1,12.0
Jo,Siffert,1969,0,15.0
Jo,Siffert,1970,0,0.0
Jo,Siffert,1971,1,19.0
Jo,Vonlanthen,1975,0,0.0
Joachim,Winkelhock,1989,0,0.0
Jochen,Mass,1973,0,0.0
Jochen,Mass,1974,0,0.0
Jochen,Mass,1975,1,20.0
Jochen,Mass,1976,0,19.0
Jochen,Mass,1977,0,25.0
Jochen,Mass,1978,0,0.0
Jochen,Mass,1979,0,3.0
Jochen,Mass,1980,0,4.0
Jochen,Mass,1982,0,0.0
Jochen,Rindt,1964,0,0.0
Jochen,Rindt,1965,0,4.0
Jochen,Rindt,1966,0,22.0
Jochen,Rindt,1967,0,6.0
Jochen,Rindt,1968,0,8.0
Jochen,Rindt,1969,1,22.0
Jochen,Rindt,1970,5,45.0
Jody,Scheckter,1972,0,0.0
Jody,Scheckter,1973,0,0.0
Jody,Scheckter,1974,2,45.0
Jody,Scheckter,1975,1,20.0
Jody,Scheckter,1976,1,49.0
Jody,Scheckter,1977,3,55.0
Jody,Scheckter,1978,0,24.0
Jody,Scheckter,1979,3,51.0
Jody,Scheckter,1980,0,2.0
Joe,Fry,1950,0,0.0
Joe,James,1951,0,0.0
Joe,James,1952,0,0.0
Joe,Kelly,1950,0,0.0
Joe,Kelly,1951,0,0.0
John,Barber,1953,0,0.0
John,Campbell-Jones,1961,0,0.0
John,Campbell-Jones,1962,0,0.0
John,Campbell-Jones,1963,0,0.0
John,Cannon,1971,0,0.0
John,Cordts,1969,0,0.0
John,Fitch,1953,0,0.0
John,Fitch,1955,0,0.0
John,James,1951,0,0.0
John,Love,1962,0,0.0
John,Love,1963,0,0.0
John,Love,1964,0,0.0
John,Love,1965,0,0.0
John,Love,1967,0,6.0
John,Love,1968,0,0.0
John,Love,1969,0,0.0
John,Love,1970,0,0.0
John,Love,1971,0,0.0
John,Love,1972,0,0.0
John,Miles,1969,0,0.0
John,Miles,1970,0,2.0
John,Nicholson,1974,0,0.0
John,Nicholson,1975,0,0.0
John,Rhodes,1965,0,0.0
John,Riseley-Prichard,1954,0,0.0
John,Surtees,1960,0,6.0
John,Surtees,1961,0,4.0
John,Surtees,1962,0,19.0
John,Surtees,1963,1,22.0
John,Surtees,1964,2,40.0
John,Surtees,1965,0,17.0
John,Surtees,1966,2,28.0
John,Surtees,1967,1,20.0
John,Surtees,1968,0,12.0
John,Surtees,1969,0,6.0
John,Surtees,1970,0,3.0
John,Surtees,1971,0,3.0
John,Surtees,1972,0,0.0
John,Taylor,1964,0,0.0
John,Taylor,1966,0,1.0
John,Watson,1973,0,0.0
John,Watson,1974,0,6.0
John,Watson,1975,0,0.0
John,Watson,1976,1,20.0
John,Watson,1977,0,9.0
John,Watson,1978,0,25.0
John,Watson,1979,0,15.0
John,Watson,1980,0,6.0
John,Watson,1981,1,27.0
John,Watson,1982,2,39.0
John,Watson,1983,1,22.0
John,Watson,1985,0,0.0
Johnnie,Parsons,1950,1,9.0
Johnnie,Parsons,1951,0,0.0
Johnnie,Parsons,1952,0,0.0
Johnnie,Parsons,1953,0,0.0
Johnnie,Parsons,1954,0,0.0
Johnnie,Parsons,1955,0,0.0
Johnnie,Parsons,1956,0,3.0
Johnnie,Parsons,1957,0,0.0
Johnnie,Parsons,1958,0,0.0
Johnnie,Tolan,1956,0,0.0
Johnnie,Tolan,1957,0,0.0
Johnnie,Tolan,1958,0,0.0
Johnny,Boyd,1955,0,0.0
Johnny,Boyd,1956,0,0.0
Johnny,Boyd,1957,0,0.0
Johnny,Boyd,1958,0,4.0
Johnny,Boyd,1959,0,0.0
Johnny,Boyd,1960,0,0.0
Johnny,Cecotto,1983,0,1.0
Johnny,Cecotto,1984,0,0.0
Johnny,Claes,1950,0,0.0
Johnny,Claes,1951,0,0.0
Johnny,Claes,1952,0,0.0
Johnny,Claes,1953,0,0.0
Johnny,Claes,1955,0,0.0
Johnny,Dumfries,1986,0,3.0
Johnny,Herbert,1989,0,5.0
Johnny,Herbert,1990,0,0.0
Johnny,Herbert,1991,0,0.0
Johnny,Herbert,1992,0,2.0
Johnny,Herbert,1993,0,11.0
Johnny,Herbert,1994,0,0.0
Johnny,Herbert,1995,2,45.0
Johnny,Herbert,1996,0,4.0
Johnny,Herbert,1997,0,15.0
Johnny,Herbert,1998,0,1.0
Johnny,Herbert,1999,1,15.0
Johnny,Herbert,2000,0,0.0
Johnny,Mantz,1953,0,0.0
Johnny,McDowell,1950,0,0.0
Johnny,McDowell,1951,0,0.0
Johnny,McDowell,1952,0,0.0
Johnny,Servoz-Gavin,1967,0,0.0
Johnny,Servoz-Gavin,1968,0,6.0
Johnny,Servoz-Gavin,1969,0,1.0
Johnny,Servoz-Gavin,1970,0,2.0
Johnny,Thomson,1953,0,0.0
Johnny,Thomson,1954,0,0.0
Johnny,Thomson,1955,0,3.0
Johnny,Thomson,1956,0,0.0
Johnny,Thomson,1957,0,0.0
Johnny,Thomson,1958,0,0.0
Johnny,Thomson,1959,0,5.0
Johnny,Thomson,1960,0,2.0
Joie,Chitwood,1950,0,1.0
Jolyon,Palmer,2016,0,1.0
Jolyon,Palmer,2017,0,8.0
Jonathan,Palmer,1983,0,0.0
Jonathan,Palmer,1984,0,0.0
Jonathan,Palmer,1985,0,0.0
Jonathan,Palmer,1986,0,0.0
Jonathan,Palmer,1987,0,7.0
Jonathan,Palmer,1988,0,5.0
Jonathan,Palmer,1989,0,2.0
Jonathan,Williams,1967,0,0.0
Jorge,Daponte,1954,0,0.0
Jos,Verstappen,1994,0,10.0
Jos,Verstappen,1995,0,0.0
Jos,Verstappen,1996,0,1.0
Jos,Verstappen,1997,0,0.0
Jos,Verstappen,1998,0,0.0
Jos,Verstappen,2000,0,5.0
Jos,Verstappen,2001,0,1.0
Jos,Verstappen,2003,0,0.0
Josef,Peters,1952,0,0.0
José,Dolhem,1974,0,0.0
José Froilán,González,1950,0,0.0
José Froilán,González,1951,1,24.0
José Froilán,González,1952,0,6.5
José Froilán,González,1953,0,13.5
José Froilán,González,1954,1,25.14
José Froilán,González,1955,0,2.0
José Froilán,González,1956,0,0.0
José Froilán,González,1957,0,1.0
José Froilán,González,1960,0,0.0
Juan,Fangio,1950,3,27.0
Juan,Fangio,1951,3,31.0
Juan,Fangio,1953,1,28.0
Juan,Fangio,1954,6,42.0
Juan,Fangio,1955,4,40.0
Juan,Fangio,1956,3,30.0
Juan,Fangio,1957,4,40.0
Juan,Fangio,1958,0,7.0
Juan,Jover,1951,0,0.0
Juan,Pablo Montoya,2001,1,31.0
Juan,Pablo Montoya,2002,0,50.0
Juan,Pablo Montoya,2003,2,82.0
Juan,Pablo Montoya,2004,1,58.0
Juan,Pablo Montoya,2005,3,60.0
Juan,Pablo Montoya,2006,0,26.0
Juan Manuel,Bordeu,1961,0,0.0
Jud,Larson,1958,0,0.0
Jud,Larson,1959,0,0.0
Jules,Bianchi,2013,0,0.0
Jules,Bianchi,2014,0,2.0
Julian,Bailey,1988,0,0.0
Julian,Bailey,1991,0,1.0
Justin,Wilson,2003,0,1.0
Jyrki,Järvilehto,1989,0,0.0
Jyrki,Järvilehto,1990,0,0.0
Jyrki,Järvilehto,1991,0,4.0
Jyrki,Järvilehto,1992,0,0.0
Jyrki,Järvilehto,1993,0,5.0
Jyrki,Järvilehto,1994,0,1.0
Jérôme,d'Ambrosio,2011,0,0.0
Jérôme,d'Ambrosio,2012,0,0.0
Kamui,Kobayashi,2009,0,3.0
Kamui,Kobayashi,2010,0,32.0
Kamui,Kobayashi,2011,0,30.0
Kamui,Kobayashi,2012,0,60.0
Kamui,Kobayashi,2014,0,0.0
Karl,Kling,1954,0,12.0
Karl,Kling,1955,0,5.0
Karl,Wendlinger,1991,0,0.0
Karl,Wendlinger,1992,0,3.0
Karl,Wendlinger,1993,0,7.0
Karl,Wendlinger,1994,0,4.0
Karl,Wendlinger,1995,0,0.0
Karun,Chandhok,2010,0,0.0
Karun,Chandhok,2011,0,0.0
Kazuki,Nakajima,2007,0,0.0
Kazuki,Nakajima,2008,0,9.0
Kazuki,Nakajima,2009,0,0.0
Kazuyoshi,Hoshino,1976,0,0.0
Kazuyoshi,Hoshino,1977,0,0.0
Keith,Andrews,1955,0,0.0
Keith,Andrews,1956,0,0.0
Keith,Greene,1959,0,0.0
Keith,Greene,1960,0,0.0
Keith,Greene,1961,0,0.0
Keith,Greene,1962,0,0.0
Keke,Rosberg,1978,0,0.0
Keke,Rosberg,1979,0,0.0
Keke,Rosberg,1980,0,6.0
Keke,Rosberg,1981,0,0.0
Keke,Rosberg,1982,1,44.0
Keke,Rosberg,1983,1,27.0
Keke,Rosberg,1984,1,20.5
Keke,Rosberg,1985,2,40.0
Keke,Rosberg,1986,0,22.0
Ken,Downing,1952,0,0.0
Ken,Kavanagh,1958,0,0.0
Ken,Miles,1961,0,0.0
Ken,Richardson,1951,0,0.0
Ken,Wharton,1952,0,3.0
Ken,Wharton,1953,0,0.0
Ken,Wharton,1954,0,0.0
Ken,Wharton,1955,0,0.0
Kenneth,McAlpine,1952,0,0.0
Kenneth,McAlpine,1953,0,0.0
Kenneth,McAlpine,1955,0,0.0
Kenny,Acheson,1983,0,0.0
Kenny,Acheson,1985,0,0.0
Kevin,Cogan,1980,0,0.0
Kevin,Cogan,1981,0,0.0
Kevin,Magnussen,2014,0,55.0
Kevin,Magnussen,2015,0,0.0
Kevin,Magnussen,2016,0,7.0
Kevin,Magnussen,2017,0,19.0
Kevin,Magnussen,2018,0,56.0
Kevin,Magnussen,2019,0,20.0
Kevin,Magnussen,2020,0,1.0
Kimi,Räikkönen,2001,0,9.0
Kimi,Räikkönen,2002,0,24.0
Kimi,Räikkönen,2003,1,91.0
Kimi,Räikkönen,2004,1,45.0
Kimi,Räikkönen,2005,7,112.0
Kimi,Räikkönen,2006,0,65.0
Kimi,Räikkönen,2007,6,110.0
Kimi,Räikkönen,2008,2,75.0
Kimi,Räikkönen,2009,1,48.0
Kimi,Räikkönen,2012,1,207.0
Kimi,Räikkönen,2013,1,183.0
Kimi,Räikkönen,2014,0,55.0
Kimi,Räikkönen,2015,0,150.0
Kimi,Räikkönen,2016,0,186.0
Kimi,Räikkönen,2017,0,205.0
Kimi,Räikkönen,2018,1,251.0
Kimi,Räikkönen,2019,0,43.0
Kimi,Räikkönen,2020,0,2.0
Kunimitsu,Takahashi,1977,0,0.0
Kurt,Adolff,1953,0,0.0
Kurt,Ahrens,1967,0,0.0
Kurt,Ahrens,1968,0,0.0
Kurt,Kuhnke,1962,0,0.0
Kurt,Kuhnke,1963,0,0.0
Lamberto,Leoni,1977,0,0.0
Lamberto,Leoni,1978,0,0.0
Lance,Macklin,1952,0,0.0
Lance,Macklin,1953,0,0.0
Lance,Macklin,1954,0,0.0
Lance,Macklin,1955,0,0.0
Lance,Reventlow,1960,0,0.0
Lance,Stroll,2017,0,40.0
Lance,Stroll,2018,0,6.0
Lance,Stroll,2019,0,21.0
Lance,Stroll,2020,0,57.0
Lando,Norris,2019,0,49.0
Lando,Norris,2020,0,65.0
Larry,Crockett,1954,0,0.0
Larry,Perkins,1974,0,0.0
Larry,Perkins,1976,0,0.0
Larry,Perkins,1977,0,0.0
Lee,Wallard,1950,0,0.0
Lee,Wallard,1951,1,9.0
Lella,Lombardi,1974,0,0.0
Lella,Lombardi,1975,0,0.5
Lella,Lombardi,1976,0,0.0
Len,Duncan,1954,0,0.0
Len,Sutton,1958,0,0.0
Len,Sutton,1959,0,0.0
Len,Sutton,1960,0,0.0
Leo,Kinnunen,1974,0,0.0
Les,Leston,1956,0,0.0
Les,Leston,1957,0,0.0
Leslie,Johnson,1950,0,0.0
Leslie,Marr,1954,0,0.0
Leslie,Marr,1955,0,0.0
Leslie,Thorne,1954,0,0.0
Lewis,Hamilton,2007,4,109.0
Lewis,Hamilton,2008,5,98.0
Lewis,Hamilton,2009,2,49.0
Lewis,Hamilton,2010,3,240.0
Lewis,Hamilton,2011,3,227.0
Lewis,Hamilton,2012,4,190.0
Lewis,Hamilton,2013,1,189.0
Lewis,Hamilton,2014,11,384.0
Lewis,Hamilton,2015,10,381.0
Lewis,Hamilton,2016,10,380.0
Lewis,Hamilton,2017,9,363.0
Lewis,Hamilton,2018,11,408.0
Lewis,Hamilton,2019,11,413.0
Lewis,Hamilton,2020,8,256.0
Lloyd,Ruby,1960,0,0.0
Lloyd,Ruby,1961,0,0.0
Lorenzo,Bandini,1961,0,0.0
Lorenzo,Bandini,1962,0,4.0
Lorenzo,Bandini,1963,0,6.0
Lorenzo,Bandini,1964,1,23.0
Lorenzo,Bandini,1965,0,13.0
Lorenzo,Bandini,1966,0,12.0
Lorenzo,Bandini,1967,0,0.0
Loris,Kessel,1976,0,0.0
Loris,Kessel,1977,0,0.0
Louis,Chiron,1950,0,4.0
Louis,Chiron,1951,0,0.0
Louis,Chiron,1953,0,0.0
Louis,Chiron,1955,0,0.0
Louis,Chiron,1956,0,0.0
Louis,Chiron,1958,0,0.0
Louis,Rosier,1950,0,13.0
Louis,Rosier,1951,0,3.0
Louis,Rosier,1952,0,0.0
Louis,Rosier,1953,0,0.0
Louis,Rosier,1954,0,0.0
Louis,Rosier,1955,0,0.0
Louis,Rosier,1956,0,2.0
Luca,Badoer,1993,0,0.0
Luca,Badoer,1995,0,0.0
Luca,Badoer,1996,0,0.0
Luca,Badoer,1999,0,0.0
Luca,Badoer,2009,0,0.0
Lucas,di Grassi,2010,0,0.0
Luciano,Burti,2000,0,0.0
Luciano,Burti,2001,0,0.0
Lucien,Bianchi,1959,0,0.0
Lucien,Bianchi,1960,0,1.0
Lucien,Bianchi,1961,0,0.0
Lucien,Bianchi,1962,0,0.0
Lucien,Bianchi,1963,0,0.0
Lucien,Bianchi,1965,0,0.0
Lucien,Bianchi,1968,0,5.0
Ludovico,Scarfiotti,1963,0,1.0
Ludovico,Scarfiotti,1964,0,0.0
Ludovico,Scarfiotti,1965,0,0.0
Ludovico,Scarfiotti,1966,1,9.0
Ludovico,Scarfiotti,1967,0,1.0
Ludovico,Scarfiotti,1968,0,6.0
Luigi,Fagioli,1950,0,24.0
Luigi,Fagioli,1951,1,4.0
Luigi,Musso,1953,0,0.0
Luigi,Musso,1954,0,6.0
Luigi,Musso,1955,0,6.0
Luigi,Musso,1956,1,4.0
Luigi,Musso,1957,0,16.0
Luigi,Musso,1958,0,12.0
Luigi,Piotti,1955,0,0.0
Luigi,Piotti,1956,0,0.0
Luigi,Piotti,1957,0,0.0
Luigi,Piotti,1958,0,0.0
Luigi,Taramazzo,1958,0,0.0
Luigi,Villoresi,1950,0,0.0
Luigi,Villoresi,1951,0,15.0
Luigi,Villoresi,1952,0,8.0
Luigi,Villoresi,1953,0,17.0
Luigi,Villoresi,1954,0,2.0
Luigi,Villoresi,1955,0,2.0
Luigi,Villoresi,1956,0,2.0
Luis,Pérez-Sala,1988,0,0.0
Luis,Pérez-Sala,1989,0,1.0
Luiz,Bueno,1973,0,0.0
Luki,Botha,1967,0,0.0
Mack,Hellings,1950,0,0.0
Mack,Hellings,1951,0,0.0
Manfred,Winkelhock,1980,0,0.0
Manfred,Winkelhock,1982,0,2.0
Manfred,Winkelhock,1983,0,0.0
Manfred,Winkelhock,1984,0,0.0
Manfred,Winkelhock,1985,0,0.0
Manny,Ayulo,1951,0,2.0
Manny,Ayulo,1952,0,0.0
Manny,Ayulo,1953,0,0.0
Manny,Ayulo,1954,0,0.0
Marc,Gené,1999,0,1.0
Marc,Gené,2000,0,0.0
Marc,Gené,2003,0,4.0
Marc,Gené,2004,0,0.0
Marc,Surer,1979,0,0.0
Marc,Surer,1980,0,0.0
Marc,Surer,1981,0,4.0
Marc,Surer,1982,0,3.0
Marc,Surer,1983,0,4.0
Marc,Surer,1984,0,1.0
Marc,Surer,1985,0,5.0
Marc,Surer,1986,0,0.0
Marcel,Balsa,1952,0,0.0
Marcus,Ericsson,2014,0,0.0
Marcus,Ericsson,2015,0,9.0
Marcus,Ericsson,2016,0,0.0
Marcus,Ericsson,2017,0,0.0
Marcus,Ericsson,2018,0,9.0
Maria,de Filippis,1958,0,0.0
Maria,de Filippis,1959,0,0.0
Mario,Andretti,1968,0,0.0
Mario,Andretti,1969,0,0.0
Mario,Andretti,1970,0,4.0
Mario,Andretti,1971,1,12.0
Mario,Andretti,1972,0,4.0
Mario,Andretti,1974,0,0.0
Mario,Andretti,1975,0,5.0
Mario,Andretti,1976,1,22.0
Mario,Andretti,1977,4,47.0
Mario,Andretti,1978,6,64.0
Mario,Andretti,1979,0,14.0
Mario,Andretti,1980,0,1.0
Mario,Andretti,1981,0,3.0
Mario,Andretti,1982,0,4.0
Mark,Blundell,1991,0,1.0
Mark,Blundell,1993,0,10.0
Mark,Blundell,1994,0,8.0
Mark,Blundell,1995,0,13.0
Mark,Donohue,1971,0,4.0
Mark,Donohue,1974,0,0.0
Mark,Donohue,1975,0,4.0
Mark,Webber,2002,0,2.0
Mark,Webber,2003,0,17.0
Mark,Webber,2004,0,7.0
Mark,Webber,2005,0,36.0
Mark,Webber,2006,0,7.0
Mark,Webber,2007,0,10.0
Mark,Webber,2008,0,21.0
Mark,Webber,2009,2,69.5
Mark,Webber,2010,4,242.0
Mark,Webber,2011,1,258.0
Mark,Webber,2012,2,179.0
Mark,Webber,2013,0,199.0
Marshall,Teague,1953,0,0.0
Marshall,Teague,1954,0,0.0
Marshall,Teague,1957,0,0.0
Martin,Brundle,1984,0,0.0
Martin,Brundle,1985,0,0.0
Martin,Brundle,1986,0,8.0
Martin,Brundle,1987,0,2.0
Martin,Brundle,1988,0,0.0
Martin,Brundle,1989,0,4.0
Martin,Brundle,1991,0,2.0
Martin,Brundle,1992,0,38.0
Martin,Brundle,1993,0,13.0
Martin,Brundle,1994,0,16.0
Martin,Brundle,1995,0,7.0
Martin,Brundle,1996,0,8.0
Martin,Donnelly,1989,0,0.0
Martin,Donnelly,1990,0,0.0
Masahiro,Hasemi,1976,0,0.0
Massimiliano,Papis,1995,0,0.0
Massimo,Natili,1961,0,0.0
Masten,Gregory,1957,0,10.0
Masten,Gregory,1958,0,0.0
Masten,Gregory,1959,0,10.0
Masten,Gregory,1960,0,0.0
Masten,Gregory,1961,0,0.0
Masten,Gregory,1962,0,1.0
Masten,Gregory,1963,0,0.0
Masten,Gregory,1965,0,0.0
Mauri,Rose,1950,0,4.0
Mauri,Rose,1951,0,0.0
Maurice,Trintignant,1950,0,0.0
Maurice,Trintignant,1951,0,0.0
Maurice,Trintignant,1952,0,2.0
Maurice,Trintignant,1953,0,4.0
Maurice,Trintignant,1954,0,17.0
Maurice,Trintignant,1955,1,11.33
Maurice,Trintignant,1956,0,0.0
Maurice,Trintignant,1957,0,5.0
Maurice,Trintignant,1958,1,12.0
Maurice,Trintignant,1959,0,19.0
Maurice,Trintignant,1960,0,0.0
Maurice,Trintignant,1961,0,0.0
Maurice,Trintignant,1962,0,0.0
Maurice,Trintignant,1963,0,0.0
Maurice,Trintignant,1964,0,2.0
Mauro,Baldi,1982,0,2.0
Mauro,Baldi,1983,0,3.0
Mauro,Baldi,1984,0,0.0
Mauro,Baldi,1985,0,0.0
Maurício,Gugelmin,1988,0,5.0
Maurício,Gugelmin,1989,0,4.0
Maurício,Gugelmin,1990,0,1.0
Maurício,Gugelmin,1991,0,0.0
Maurício,Gugelmin,1992,0,0.0
Max,Chilton,2013,0,0.0
Max,Chilton,2014,0,0.0
Max,Jean,1971,0,0.0
Max,Verstappen,2015,0,49.0
Max,Verstappen,2016,1,204.0
Max,Verstappen,2017,2,168.0
Max,Verstappen,2018,2,249.0
Max,Verstappen,2019,3,278.0
Max,Verstappen,2020,1,162.0
Max,de Terra,1952,0,0.0
Max,de Terra,1953,0,0.0
Menato,Boffa,1961,0,0.0
Michael,Andretti,1993,0,7.0
Michael,Bartels,1991,0,0.0
Michael,Bleekemolen,1977,0,0.0
Michael,Bleekemolen,1978,0,0.0
Michael,May,1961,0,0.0
Michael,Schumacher,1991,0,4.0
Michael,Schumacher,1992,1,53.0
Michael,Schumacher,1993,1,52.0
Michael,Schumacher,1994,8,92.0
Michael,Schumacher,1995,9,102.0
Michael,Schumacher,1996,3,59.0
Michael,Schumacher,1997,5,78.0
Michael,Schumacher,1998,6,86.0
Michael,Schumacher,1999,2,44.0
Michael,Schumacher,2000,9,108.0
Michael,Schumacher,2001,9,123.0
Michael,Schumacher,2002,11,144.0
Michael,Schumacher,2003,6,93.0
Michael,Schumacher,2004,13,148.0
Michael,Schumacher,2005,1,62.0
Michael,Schumacher,2006,7,121.0
Michael,Schumacher,2010,0,72.0
Michael,Schumacher,2011,0,76.0
Michael,Schumacher,2012,0,49.0
Michel,Leclère,1975,0,0.0
Michel,Leclère,1976,0,0.0
Michele,Alboreto,1981,0,0.0
Michele,Alboreto,1982,1,25.0
Michele,Alboreto,1983,1,10.0
Michele,Alboreto,1984,1,30.5
Michele,Alboreto,1985,2,53.0
Michele,Alboreto,1986,0,14.0
Michele,Alboreto,1987,0,17.0
Michele,Alboreto,1988,0,24.0
Michele,Alboreto,1989,0,6.0
Michele,Alboreto,1990,0,0.0
Michele,Alboreto,1991,0,0.0
Michele,Alboreto,1992,0,6.0
Michele,Alboreto,1993,0,0.0
Michele,Alboreto,1994,0,1.0
Miguel Ángel,Guerra,1981,0,0.0
Mika,Häkkinen,1991,0,2.0
Mika,Häkkinen,1992,0,11.0
Mika,Häkkinen,1993,0,4.0
Mika,Häkkinen,1994,0,26.0
Mika,Häkkinen,1995,0,17.0
Mika,Häkkinen,1996,0,31.0
Mika,Häkkinen,1997,1,27.0
Mika,Häkkinen,1998,8,100.0
Mika,Häkkinen,1999,5,76.0
Mika,Häkkinen,2000,4,89.0
Mika,Häkkinen,2001,2,37.0
Mika,Salo,1994,0,0.0
Mika,Salo,1995,0,5.0
Mika,Salo,1996,0,5.0
Mika,Salo,1997,0,2.0
Mika,Salo,1998,0,3.0
Mika,Salo,1999,0,10.0
Mika,Salo,2000,0,6.0
Mika,Salo,2002,0,2.0
Mike,Beuttler,1971,0,0.0
Mike,Beuttler,1972,0,0.0
Mike,Beuttler,1973,0,0.0
Mike,Fisher,1967,0,0.0
Mike,Hailwood,1963,0,0.0
Mike,Hailwood,1964,0,1.0
Mike,Hailwood,1965,0,0.0
Mike,Hailwood,1971,0,3.0
Mike,Hailwood,1972,0,13.0
Mike,Hailwood,1973,0,0.0
Mike,Hailwood,1974,0,12.0
Mike,Harris,1962,0,0.0
Mike,Hawthorn,1952,0,10.0
Mike,Hawthorn,1953,1,19.0
Mike,Hawthorn,1954,1,24.64
Mike,Hawthorn,1955,0,0.0
Mike,Hawthorn,1956,0,4.0
Mike,Hawthorn,1957,0,13.0
Mike,Hawthorn,1958,1,42.0
Mike,MacDowel,1957,0,0.0
Mike,Magill,1957,0,0.0
Mike,Magill,1958,0,0.0
Mike,Magill,1959,0,0.0
Mike,Nazaruk,1951,0,6.0
Mike,Nazaruk,1953,0,0.0
Mike,Nazaruk,1954,0,2.0
Mike,Parkes,1959,0,0.0
Mike,Parkes,1966,0,12.0
Mike,Parkes,1967,0,2.0
Mike,Sparken,1955,0,0.0
Mike,Spence,1963,0,0.0
Mike,Spence,1964,0,4.0
Mike,Spence,1965,0,10.0
Mike,Spence,1966,0,4.0
Mike,Spence,1967,0,9.0
Mike,Spence,1968,0,0.0
Mike,Taylor,1959,0,0.0
Mike,Taylor,1960,0,0.0
Mike,Thackwell,1980,0,0.0
Mike,Thackwell,1984,0,0.0
Mike,Wilds,1974,0,0.0
Mike,Wilds,1975,0,0.0
Mike,Wilds,1976,0,0.0
Mikko,Kozarowitzky,1977,0,0.0
Moisés,Solana,1963,0,0.0
Moisés,Solana,1964,0,0.0
Moisés,Solana,1965,0,0.0
Moisés,Solana,1966,0,0.0
Moisés,Solana,1967,0,0.0
Moisés,Solana,1968,0,0.0
Myron,Fohr,1950,0,0.0
Mário de Araújo,Cabral,1959,0,0.0
Mário de Araújo,Cabral,1960,0,0.0
Mário de Araújo,Cabral,1963,0,0.0
Mário de Araújo,Cabral,1964,0,0.0
Nanni,Galli,1970,0,0.0
Nanni,Galli,1971,0,0.0
Nanni,Galli,1972,0,0.0
Nanni,Galli,1973,0,0.0
Naoki,Hattori,1991,0,0.0
Narain,Karthikeyan,2005,0,5.0
Narain,Karthikeyan,2011,0,0.0
Narain,Karthikeyan,2012,0,0.0
Nasif,Estéfano,1960,0,0.0
Nasif,Estéfano,1962,0,0.0
Nasif,Estéfano,1963,0,0.0
Nello,Pagani,1950,0,0.0
Nelson,Piquet,1978,0,0.0
Nelson,Piquet,1979,0,3.0
Nelson,Piquet,1980,3,54.0
Nelson,Piquet,1981,3,50.0
Nelson,Piquet,1982,1,20.0
Nelson,Piquet,1983,3,59.0
Nelson,Piquet,1984,2,29.0
Nelson,Piquet,1985,1,21.0
Nelson,Piquet,1986,4,69.0
Nelson,Piquet,1987,3,73.0
Nelson,Piquet,1988,0,22.0
Nelson,Piquet,1989,0,12.0
Nelson,Piquet,1990,2,43.0
Nelson,Piquet,1991,1,26.5
Nelson,Piquet Jr.,2008,0,19.0
Nelson,Piquet Jr.,2009,0,0.0
Neville,Lederle,1962,0,1.0
Neville,Lederle,1963,0,0.0
Neville,Lederle,1965,0,0.0
Nicholas,Latifi,2020,0,0.0
Nick,Heidfeld,2000,0,0.0
Nick,Heidfeld,2001,0,12.0
Nick,Heidfeld,2002,0,7.0
Nick,Heidfeld,2003,0,6.0
Nick,Heidfeld,2004,0,3.0
Nick,Heidfeld,2005,0,28.0
Nick,Heidfeld,2006,0,23.0
Nick,Heidfeld,2007,0,61.0
Nick,Heidfeld,2008,0,60.0
Nick,Heidfeld,2009,0,19.0
Nick,Heidfeld,2010,0,6.0
Nick,Heidfeld,2011,0,34.0
Nico,Hülkenberg,2010,0,22.0
Nico,Hülkenberg,2012,0,63.0
Nico,Hülkenberg,2013,0,51.0
Nico,Hülkenberg,2014,0,96.0
Nico,Hülkenberg,2015,0,58.0
Nico,Hülkenberg,2016,0,72.0
Nico,Hülkenberg,2017,0,43.0
Nico,Hülkenberg,2018,0,69.0
Nico,Hülkenberg,2019,0,37.0
Nico,Hülkenberg,2020,0,10.0
Nico,Rosberg,2006,0,4.0
Nico,Rosberg,2007,0,20.0
Nico,Rosberg,2008,0,17.0
Nico,Rosberg,2009,0,34.5
Nico,Rosberg,2010,0,142.0
Nico,Rosberg,2011,0,89.0
Nico,Rosberg,2012,1,93.0
Nico,Rosberg,2013,2,171.0
Nico,Rosberg,2014,5,317.0
Nico,Rosberg,2015,6,322.0
Nico,Rosberg,2016,9,385.0
Nicola,Larini,1987,0,0.0
Nicola,Larini,1988,0,0.0
Nicola,Larini,1989,0,0.0
Nicola,Larini,1990,0,0.0
Nicola,Larini,1991,0,0.0
Nicola,Larini,1992,0,0.0
Nicola,Larini,1994,0,6.0
Nicola,Larini,1997,0,1.0
Nicolas,Kiesa,2003,0,0.0
Nigel,Mansell,1980,0,0.0
Nigel,Mansell,1981,0,8.0
Nigel,Mansell,1982,0,7.0
Nigel,Mansell,1983,0,10.0
Nigel,Mansell,1984,0,13.0
Nigel,Mansell,1985,2,31.0
Nigel,Mansell,1986,5,70.0
Nigel,Mansell,1987,6,61.0
Nigel,Mansell,1988,0,12.0
Nigel,Mansell,1989,2,38.0
Nigel,Mansell,1990,1,37.0
Nigel,Mansell,1991,5,72.0
Nigel,Mansell,1992,9,108.0
Nigel,Mansell,1994,1,13.0
Nigel,Mansell,1995,0,0.0
Niki,Lauda,1971,0,0.0
Niki,Lauda,1972,0,0.0
Niki,Lauda,1973,0,2.0
Niki,Lauda,1974,2,38.0
Niki,Lauda,1975,5,64.5
Niki,Lauda,1976,5,68.0
Niki,Lauda,1977,3,72.0
Niki,Lauda,1978,2,44.0
Niki,Lauda,1979,0,4.0
Niki,Lauda,1982,2,30.0
Niki,Lauda,1983,0,12.0
Niki,Lauda,1984,5,72.0
Niki,Lauda,1985,1,14.0
Nino,Farina,1950,3,30.0
Nino,Farina,1951,1,19.0
Nino,Farina,1952,0,24.0
Nino,Farina,1953,1,26.0
Nino,Farina,1954,0,6.0
Nino,Farina,1955,0,10.33
Nino,Vaccarella,1961,0,0.0
Nino,Vaccarella,1962,0,0.0
Nino,Vaccarella,1965,0,0.0
Norberto,Fontana,1997,0,0.0
Noritake,Takahara,1976,0,0.0
Noritake,Takahara,1977,0,0.0
Olivier,Beretta,1994,0,0.0
Olivier,Gendebien,1956,0,2.0
Olivier,Gendebien,1958,0,0.0
Olivier,Gendebien,1959,0,3.0
Olivier,Gendebien,1960,0,10.0
Olivier,Gendebien,1961,0,3.0
Olivier,Grouillard,1989,0,1.0
Olivier,Grouillard,1990,0,0.0
Olivier,Grouillard,1991,0,0.0
Olivier,Grouillard,1992,0,0.0
Olivier,Panis,1994,0,9.0
Olivier,Panis,1995,0,16.0
Olivier,Panis,1996,1,13.0
Olivier,Panis,1997,0,16.0
Olivier,Panis,1998,0,0.0
Olivier,Panis,1999,0,2.0
Olivier,Panis,2001,0,5.0
Olivier,Panis,2002,0,3.0
Olivier,Panis,2003,0,6.0
Olivier,Panis,2004,0,6.0
Onofre,Marimón,1951,0,0.0
Onofre,Marimón,1953,0,4.0
Onofre,Marimón,1954,0,4.14
Oscar,Gálvez,1953,0,2.0
Oscar,Larrauri,1988,0,0.0
Oscar,Larrauri,1989,0,0.0
Oswald,Karch,1953,0,0.0
Otto,Stuppacher,1976,0,0.0
Ottorino,Volonterio,1954,0,0.0
Ottorino,Volonterio,1956,0,0.0
Ottorino,Volonterio,1957,0,0.0
Pablo,Birger,1953,0,0.0
Pablo,Birger,1955,0,0.0
Paco,Godia,1951,0,0.0
Paco,Godia,1954,0,0.0
Paco,Godia,1956,0,6.0
Paco,Godia,1957,0,0.0
Paco,Godia,1958,0,0.0
Paddy,Driver,1963,0,0.0
Paddy,Driver,1974,0,0.0
Paolo,Barilla,1989,0,0.0
Paolo,Barilla,1990,0,0.0
Pascal,Fabre,1987,0,0.0
Pascal,Wehrlein,2016,0,1.0
Pascal,Wehrlein,2017,0,5.0
Pastor,Maldonado,2011,0,1.0
Pastor,Maldonado,2012,1,45.0
Pastor,Maldonado,2013,0,1.0
Pastor,Maldonado,2014,0,2.0
Pastor,Maldonado,2015,0,27.0
Pat,Flaherty,1950,0,0.0
Pat,Flaherty,1953,0,0.0
Pat,Flaherty,1954,0,0.0
Pat,Flaherty,1955,0,0.0
Pat,Flaherty,1956,1,8.0
Pat,Flaherty,1959,0,0.0
Pat,O'Connor,1954,0,0.0
Pat,O'Connor,1955,0,0.0
Pat,O'Connor,1956,0,0.0
Pat,O'Connor,1957,0,0.0
Pat,O'Connor,1958,0,0.0
Patrick,Depailler,1972,0,0.0
Patrick,Depailler,1974,0,14.0
Patrick,Depailler,1975,0,12.0
Patrick,Depailler,1976,0,39.0
Patrick,Depailler,1977,0,20.0
Patrick,Depailler,1978,1,34.0
Patrick,Depailler,1979,1,20.0
Patrick,Depailler,1980,0,0.0
Patrick,Friesacher,2005,0,3.0
Patrick,Gaillard,1979,0,0.0
Patrick,Nève,1976,0,0.0
Patrick,Nève,1977,0,0.0
Patrick,Tambay,1977,0,5.0
Patrick,Tambay,1978,0,8.0
Patrick,Tambay,1979,0,0.0
Patrick,Tambay,1981,0,1.0
Patrick,Tambay,1982,1,25.0
Patrick,Tambay,1983,1,40.0
Patrick,Tambay,1984,0,11.0
Patrick,Tambay,1985,0,11.0
Patrick,Tambay,1986,0,2.0
Paul,Belmondo,1992,0,0.0
Paul,Belmondo,1994,0,0.0
Paul,Emery,1956,0,0.0
Paul,Emery,1958,0,0.0
Paul,England,1957,0,0.0
Paul,Frère,1952,0,2.0
Paul,Frère,1953,0,0.0
Paul,Frère,1954,0,0.0
Paul,Frère,1955,0,3.0
Paul,Frère,1956,0,6.0
Paul,Goldsmith,1958,0,0.0
Paul,Goldsmith,1959,0,2.0
Paul,Goldsmith,1960,0,4.0
Paul,Hawkins,1965,0,0.0
Paul,Pietsch,1950,0,0.0
Paul,Pietsch,1951,0,0.0
Paul,Pietsch,1952,0,0.0
Paul,Russo,1950,0,0.0
Paul,Russo,1953,0,1.5
Paul,Russo,1954,0,0.0
Paul,Russo,1955,0,3.0
Paul,Russo,1956,0,1.0
Paul,Russo,1957,0,3.0
Paul,Russo,1958,0,0.0
Paul,Russo,1959,0,0.0
Paul,di Resta,2011,0,27.0
Paul,di Resta,2012,0,46.0
Paul,di Resta,2013,0,48.0
Paul,di Resta,2017,0,0.0
Pedro,Chaves,1991,0,0.0
Pedro,Diniz,1995,0,0.0
Pedro,Diniz,1996,0,2.0
Pedro,Diniz,1997,0,2.0
Pedro,Diniz,1998,0,3.0
Pedro,Diniz,1999,0,3.0
Pedro,Diniz,2000,0,0.0
Pedro,Lamy,1993,0,0.0
Pedro,Lamy,1994,0,0.0
Pedro,Lamy,1995,0,1.0
Pedro,Lamy,1996,0,0.0
Pedro,Rodríguez,1963,0,0.0
Pedro,Rodríguez,1964,0,1.0
Pedro,Rodríguez,1965,0,2.0
Pedro,Rodríguez,1966,0,0.0
Pedro,Rodríguez,1967,1,15.0
Pedro,Rodríguez,1968,0,18.0
Pedro,Rodríguez,1969,0,3.0
Pedro,Rodríguez,1970,1,23.0
Pedro,Rodríguez,1971,0,9.0
Pedro,de la Rosa,1999,0,1.0
Pedro,de la Rosa,2000,0,2.0
Pedro,de la Rosa,2001,0,3.0
Pedro,de la Rosa,2002,0,0.0
Pedro,de la Rosa,2005,0,4.0
Pedro,de la Rosa,2006,0,19.0
Pedro,de la Rosa,2010,0,6.0
Pedro,de la Rosa,2011,0,0.0
Pedro,de la Rosa,2012,0,0.0
Pete,Lovely,1959,0,0.0
Pete,Lovely,1960,0,0.0
Pete,Lovely,1969,0,0.0
Pete,Lovely,1970,0,0.0
Pete,Lovely,1971,0,0.0
Peter,Arundell,1962,0,0.0
Peter,Arundell,1963,0,0.0
Peter,Arundell,1964,0,11.0
Peter,Arundell,1966,0,1.0
Peter,Ashdown,1959,0,0.0
Peter,Broeker,1963,0,0.0
Peter,Collins,1952,0,0.0
Peter,Collins,1953,0,0.0
Peter,Collins,1954,0,0.0
Peter,Collins,1955,0,0.0
Peter,Collins,1956,2,25.0
Peter,Collins,1957,0,8.0
Peter,Collins,1958,1,14.0
Peter,Gethin,1970,0,1.0
Peter,Gethin,1971,1,9.0
Peter,Gethin,1972,0,1.0
Peter,Gethin,1973,0,0.0
Peter,Gethin,1974,0,0.0
Peter,Hirt,1951,0,0.0
Peter,Hirt,1952,0,0.0
Peter,Hirt,1953,0,0.0
Peter,Monteverdi,1961,0,0.0
Peter,Revson,1964,0,0.0
Peter,Revson,1971,0,0.0
Peter,Revson,1972,0,23.0
Peter,Revson,1973,2,38.0
Peter,Revson,1974,0,0.0
Peter,Ryan,1961,0,0.0
Peter,Walker,1950,0,0.0
Peter,Walker,1951,0,0.0
Peter,Walker,1955,0,0.0
Peter,Westbury,1970,0,0.0
Peter,Whitehead,1950,0,4.0
Peter,Whitehead,1951,0,0.0
Peter,Whitehead,1952,0,0.0
Peter,Whitehead,1953,0,0.0
Peter,Whitehead,1954,0,0.0
Peter,de Klerk,1963,0,0.0
Peter,de Klerk,1965,0,0.0
Peter,de Klerk,1969,0,0.0
Peter,de Klerk,1970,0,0.0
Phil,Cade,1959,0,0.0
Phil,Hill,1958,0,9.0
Phil,Hill,1959,0,20.0
Phil,Hill,1960,1,16.0
Phil,Hill,1961,2,34.0
Phil,Hill,1962,0,14.0
Phil,Hill,1963,0,0.0
Phil,Hill,1964,0,1.0
Phil,Hill,1966,0,0.0
Philip,Fotheringham-Parker,1951,0,0.0
Philippe,Adams,1994,0,0.0
Philippe,Alliot,1984,0,0.0
Philippe,Alliot,1985,0,0.0
Philippe,Alliot,1986,0,1.0
Philippe,Alliot,1987,0,3.0
Philippe,Alliot,1988,0,0.0
Philippe,Alliot,1989,0,1.0
Philippe,Alliot,1990,0,0.0
Philippe,Alliot,1993,0,2.0
Philippe,Alliot,1994,0,0.0
Philippe,Streiff,1984,0,0.0
Philippe,Streiff,1985,0,4.0
Philippe,Streiff,1986,0,3.0
Philippe,Streiff,1987,0,4.0
Philippe,Streiff,1988,0,0.0
Philippe,Étancelin,1950,0,3.0
Philippe,Étancelin,1951,0,0.0
Philippe,Étancelin,1952,0,0.0
Piercarlo,Ghinzani,1981,0,0.0
Piercarlo,Ghinzani,1983,0,0.0
Piercarlo,Ghinzani,1984,0,2.0
Piercarlo,Ghinzani,1985,0,0.0
Piercarlo,Ghinzani,1986,0,0.0
Piercarlo,Ghinzani,1987,0,0.0
Piercarlo,Ghinzani,1988,0,0.0
Piercarlo,Ghinzani,1989,0,0.0
Pierluigi,Martini,1984,0,0.0
Pierluigi,Martini,1985,0,0.0
Pierluigi,Martini,1988,0,1.0
Pierluigi,Martini,1989,0,5.0
Pierluigi,Martini,1990,0,0.0
Pierluigi,Martini,1991,0,6.0
Pierluigi,Martini,1992,0,2.0
Pierluigi,Martini,1993,0,0.0
Pierluigi,Martini,1994,0,4.0
Pierluigi,Martini,1995,0,0.0
Piero,Carini,1952,0,0.0
Piero,Carini,1953,0,0.0
Piero,Drogo,1960,0,0.0
Piero,Dusio,1952,0,0.0
Piero,Scotti,1956,0,0.0
Piero,Taruffi,1950,0,0.0
Piero,Taruffi,1951,0,10.0
Piero,Taruffi,1952,1,22.0
Piero,Taruffi,1954,0,0.0
Piero,Taruffi,1955,0,9.0
Piero,Taruffi,1956,0,0.0
Pierre,Gasly,2017,0,0.0
Pierre,Gasly,2018,0,29.0
Pierre,Gasly,2019,0,95.0
Pierre,Gasly,2020,1,63.0
Pierre,Levegh,1950,0,0.0
Pierre,Levegh,1951,0,0.0
Pierre-Henri,Raphanel,1988,0,0.0
Pierre-Henri,Raphanel,1989,0,0.0
Piers,Courage,1967,0,0.0
Piers,Courage,1968,0,4.0
Piers,Courage,1969,0,16.0
Piers,Courage,1970,0,0.0
Prince,Bira,1950,0,5.0
Prince,Bira,1951,0,0.0
Prince,Bira,1952,0,0.0
Prince,Bira,1953,0,0.0
Prince,Bira,1954,0,3.0
Ralf,Schumacher,1997,0,13.0
Ralf,Schumacher,1998,0,14.0
Ralf,Schumacher,1999,0,35.0
Ralf,Schumacher,2000,0,24.0
Ralf,Schumacher,2001,3,49.0
Ralf,Schumacher,2002,1,42.0
Ralf,Schumacher,2003,2,58.0
Ralf,Schumacher,2004,0,24.0
Ralf,Schumacher,2005,0,45.0
Ralf,Schumacher,2006,0,20.0
Ralf,Schumacher,2007,0,5.0
Ralph,Firman,2003,0,1.0
Raul,Boesel,1982,0,0.0
Raul,Boesel,1983,0,0.0
Ray,Crawford,1955,0,0.0
Ray,Crawford,1956,0,0.0
Ray,Crawford,1959,0,0.0
Ray,Reed,1965,0,0.0
Raymond,Sommer,1950,0,3.0
Red,Amick,1959,0,0.0
Red,Amick,1960,0,0.0
Reg,Parnell,1950,0,4.0
Reg,Parnell,1951,0,5.0
Reg,Parnell,1952,0,0.0
Reg,Parnell,1954,0,0.0
Reine,Wisell,1970,0,4.0
Reine,Wisell,1971,0,9.0
Reine,Wisell,1972,0,0.0
Reine,Wisell,1973,0,0.0
Reine,Wisell,1974,0,0.0
Renato,Pirocchi,1961,0,0.0
Renzo,Zorzi,1975,0,0.0
Renzo,Zorzi,1976,0,0.0
Renzo,Zorzi,1977,0,1.0
René,Arnoux,1978,0,0.0
René,Arnoux,1979,0,17.0
René,Arnoux,1980,2,29.0
René,Arnoux,1981,0,11.0
René,Arnoux,1982,2,28.0
René,Arnoux,1983,3,49.0
René,Arnoux,1984,0,27.0
René,Arnoux,1985,0,3.0
René,Arnoux,1986,0,14.0
René,Arnoux,1987,0,1.0
René,Arnoux,1988,0,0.0
René,Arnoux,1989,0,2.0
Ricardo,Londoño,1981,0,0.0
Ricardo,Rodríguez,1961,0,0.0
Ricardo,Rodríguez,1962,0,4.0
Ricardo,Rosset,1996,0,0.0
Ricardo,Rosset,1998,0,0.0
Ricardo,Zonta,1999,0,0.0
Ricardo,Zonta,2000,0,3.0
Ricardo,Zonta,2001,0,0.0
Ricardo,Zonta,2004,0,0.0
Ricardo,Zunino,1979,0,0.0
Ricardo,Zunino,1980,0,0.0
Ricardo,Zunino,1981,0,0.0
Riccardo,Paletti,1982,0,0.0
Riccardo,Patrese,1977,0,1.0
Riccardo,Patrese,1978,0,11.0
Riccardo,Patrese,1979,0,2.0
Riccardo,Patrese,1980,0,7.0
Riccardo,Patrese,1981,0,10.0
Riccardo,Patrese,1982,1,21.0
Riccardo,Patrese,1983,1,13.0
Riccardo,Patrese,1984,0,8.0
Riccardo,Patrese,1985,0,0.0
Riccardo,Patrese,1986,0,2.0
Riccardo,Patrese,1987,0,6.0
Riccardo,Patrese,1988,0,8.0
Riccardo,Patrese,1989,0,40.0
Riccardo,Patrese,1990,1,23.0
Riccardo,Patrese,1991,2,53.0
Riccardo,Patrese,1992,1,56.0
Riccardo,Patrese,1993,0,20.0
Richard,Attwood,1964,0,0.0
Richard,Attwood,1965,0,2.0
Richard,Attwood,1967,0,0.0
Richard,Attwood,1968,0,6.0
Richard,Attwood,1969,0,3.0
Richard,Robarts,1974,0,0.0
Richie,Ginther,1960,0,8.0
Richie,Ginther,1961,0,16.0
Richie,Ginther,1962,0,10.0
Richie,Ginther,1963,0,29.0
Richie,Ginther,1964,0,23.0
Richie,Ginther,1965,1,11.0
Richie,Ginther,1966,0,5.0
Richie,Ginther,1967,0,0.0
Rikky,von Opel,1973,0,0.0
Rikky,von Opel,1974,0,0.0
Rio,Haryanto,2016,0,0.0
Rob,Schroeder,1962,0,0.0
Rob,Slotemaker,1962,0,0.0
Robert,Doornbos,2005,0,0.0
Robert,Doornbos,2006,0,0.0
Robert,Kubica,2006,0,6.0
Robert,Kubica,2007,0,39.0
Robert,Kubica,2008,1,75.0
Robert,Kubica,2009,0,17.0
Robert,Kubica,2010,0,136.0
Robert,Kubica,2019,0,1.0
Robert,La Caze,1958,0,0.0
Robert,Manzon,1950,0,3.0
Robert,Manzon,1951,0,0.0
Robert,Manzon,1952,0,9.0
Robert,Manzon,1953,0,0.0
Robert,Manzon,1954,0,4.0
Robert,Manzon,1955,0,0.0
Robert,Manzon,1956,0,0.0
Robert,O'Brien,1952,0,0.0
Roberto,Bonomi,1960,0,0.0
Roberto,Bussinello,1961,0,0.0
Roberto,Bussinello,1962,0,0.0
Roberto,Bussinello,1965,0,0.0
Roberto,Guerrero,1982,0,0.0
Roberto,Guerrero,1983,0,0.0
Roberto,Lippi,1961,0,0.0
Roberto,Lippi,1962,0,0.0
Roberto,Lippi,1963,0,0.0
Roberto,Merhi,2015,0,0.0
Roberto,Mieres,1953,0,0.0
Roberto,Mieres,1954,0,6.0
Roberto,Mieres,1955,0,7.0
Roberto,Moreno,1982,0,0.0
Roberto,Moreno,1987,0,1.0
Roberto,Moreno,1989,0,0.0
Roberto,Moreno,1990,0,6.0
Roberto,Moreno,1991,0,8.0
Roberto,Moreno,1995,0,0.0
Robin,Montgomerie-Charrington,1952,0,0.0
Robin,Widdows,1968,0,0.0
Rodger,Ward,1951,0,0.0
Rodger,Ward,1952,0,0.0
Rodger,Ward,1953,0,0.0
Rodger,Ward,1954,0,0.0
Rodger,Ward,1955,0,0.0
Rodger,Ward,1956,0,0.0
Rodger,Ward,1957,0,0.0
Rodger,Ward,1958,0,0.0
Rodger,Ward,1959,1,8.0
Rodger,Ward,1960,0,6.0
Rodger,Ward,1963,0,0.0
Rodney,Nuckey,1953,0,0.0
Rodney,Nuckey,1954,0,0.0
Roelof,Wunderink,1975,0,0.0
Roger,Laurent,1952,0,0.0
Roger,Loyer,1954,0,0.0
Roger,Penske,1961,0,0.0
Roger,Penske,1962,0,0.0
Roger,Williamson,1973,0,0.0
Roland,Ratzenberger,1994,0,0.0
Rolf,Stommelen,1970,0,10.0
Rolf,Stommelen,1971,0,3.0
Rolf,Stommelen,1972,0,0.0
Rolf,Stommelen,1973,0,0.0
Rolf,Stommelen,1974,0,0.0
Rolf,Stommelen,1975,0,0.0
Rolf,Stommelen,1976,0,1.0
Rolf,Stommelen,1978,0,0.0
Romain,Grosjean,2009,0,0.0
Romain,Grosjean,2012,0,96.0
Romain,Grosjean,2013,0,132.0
Romain,Grosjean,2014,0,8.0
Romain,Grosjean,2015,0,51.0
Romain,Grosjean,2016,0,29.0
Romain,Grosjean,2017,0,28.0
Romain,Grosjean,2018,0,37.0
Romain,Grosjean,2019,0,8.0
Romain,Grosjean,2020,0,2.0
Ron,Flockhart,1954,0,0.0
Ron,Flockhart,1956,0,4.0
Ron,Flockhart,1957,0,0.0
Ron,Flockhart,1958,0,0.0
Ron,Flockhart,1959,0,0.0
Ron,Flockhart,1960,0,1.0
Ronnie,Bucknum,1964,0,0.0
Ronnie,Bucknum,1965,0,2.0
Ronnie,Bucknum,1966,0,0.0
Ronnie,Peterson,1970,0,0.0
Ronnie,Peterson,1971,0,33.0
Ronnie,Peterson,1972,0,12.0
Ronnie,Peterson,1973,4,52.0
Ronnie,Peterson,1974,3,35.0
Ronnie,Peterson,1975,0,6.0
Ronnie,Peterson,1976,1,10.0
Ronnie,Peterson,1977,0,7.0
Ronnie,Peterson,1978,2,51.0
Roy,Salvadori,1952,0,0.0
Roy,Salvadori,1953,0,0.0
Roy,Salvadori,1954,0,0.0
Roy,Salvadori,1955,0,0.0
Roy,Salvadori,1956,0,0.0
Roy,Salvadori,1957,0,2.0
Roy,Salvadori,1958,0,15.0
Roy,Salvadori,1959,0,0.0
Roy,Salvadori,1960,0,0.0
Roy,Salvadori,1961,0,2.0
Roy,Salvadori,1962,0,0.0
Rubens,Barrichello,1993,0,2.0
Rubens,Barrichello,1994,0,19.0
Rubens,Barrichello,1995,0,11.0
Rubens,Barrichello,1996,0,14.0
Rubens,Barrichello,1997,0,6.0
Rubens,Barrichello,1998,0,4.0
Rubens,Barrichello,1999,0,21.0
Rubens,Barrichello,2000,1,62.0
Rubens,Barrichello,2001,0,56.0
Rubens,Barrichello,2002,4,77.0
Rubens,Barrichello,2003,2,65.0
Rubens,Barrichello,2004,2,114.0
Rubens,Barrichello,2005,0,38.0
Rubens,Barrichello,2006,0,30.0
Rubens,Barrichello,2007,0,0.0
Rubens,Barrichello,2008,0,11.0
Rubens,Barrichello,2009,2,77.0
Rubens,Barrichello,2010,0,47.0
Rubens,Barrichello,2011,0,4.0
Rudi,Fischer,1951,0,0.0
Rudi,Fischer,1952,0,10.0
Rudolf,Krause,1952,0,0.0
Rudolf,Krause,1953,0,0.0
Rudolf,Schoeller,1952,0,0.0
Rupert,Keegan,1977,0,0.0
Rupert,Keegan,1978,0,0.0
Rupert,Keegan,1980,0,0.0
Rupert,Keegan,1982,0,0.0
Sakon,Yamamoto,2006,0,0.0
Sakon,Yamamoto,2007,0,0.0
Sakon,Yamamoto,2010,0,0.0
Sam,Hanks,1950,0,0.0
Sam,Hanks,1951,0,0.0
Sam,Hanks,1952,0,4.0
Sam,Hanks,1953,0,2.0
Sam,Hanks,1954,0,0.0
Sam,Hanks,1955,0,0.0
Sam,Hanks,1956,0,6.0
Sam,Hanks,1957,1,8.0
Sam,Posey,1971,0,0.0
Sam,Posey,1972,0,0.0
Sam,Tingle,1962,0,0.0
Sam,Tingle,1963,0,0.0
Sam,Tingle,1965,0,0.0
Sam,Tingle,1967,0,0.0
Sam,Tingle,1968,0,0.0
Sam,Tingle,1969,0,0.0
Satoru,Nakajima,1987,0,7.0
Satoru,Nakajima,1988,0,1.0
Satoru,Nakajima,1989,0,3.0
Satoru,Nakajima,1990,0,3.0
Satoru,Nakajima,1991,0,2.0
Scott,Speed,2006,0,0.0
Scott,Speed,2007,0,0.0
Sebastian,Vettel,2007,0,6.0
Sebastian,Vettel,2008,1,35.0
Sebastian,Vettel,2009,4,84.0
Sebastian,Vettel,2010,5,256.0
Sebastian,Vettel,2011,11,392.0
Sebastian,Vettel,2012,5,281.0
Sebastian,Vettel,2013,13,397.0
Sebastian,Vettel,2014,0,167.0
Sebastian,Vettel,2015,3,278.0
Sebastian,Vettel,2016,0,212.0
Sebastian,Vettel,2017,5,317.0
Sebastian,Vettel,2018,5,320.0
Sebastian,Vettel,2019,1,240.0
Sebastian,Vettel,2020,0,18.0
Sergey,Sirotkin,2018,0,1.0
Sergio,Mantovani,1953,0,0.0
Sergio,Mantovani,1954,0,4.0
Sergio,Mantovani,1955,0,0.0
Sergio,Pérez,2011,0,14.0
Sergio,Pérez,2012,0,66.0
Sergio,Pérez,2013,0,49.0
Sergio,Pérez,2014,0,59.0
Sergio,Pérez,2015,0,78.0
Sergio,Pérez,2016,0,101.0
Sergio,Pérez,2017,0,100.0
Sergio,Pérez,2018,0,62.0
Sergio,Pérez,2019,0,52.0
Sergio,Pérez,2020,0,74.0
Shinji,Nakano,1997,0,2.0
Shinji,Nakano,1998,0,0.0
Shorty,Templeman,1955,0,0.0
Shorty,Templeman,1958,0,0.0
Shorty,Templeman,1960,0,0.0
Siegfried,Stohr,1981,0,0.0
Silvio,Moser,1967,0,0.0
Silvio,Moser,1968,0,2.0
Silvio,Moser,1969,0,1.0
Silvio,Moser,1970,0,0.0
Silvio,Moser,1971,0,0.0
Skip,Barber,1971,0,0.0
Skip,Barber,1972,0,0.0
Slim,Borgudd,1981,0,1.0
Slim,Borgudd,1982,0,0.0
Stefan,Bellof,1984,0,0.0
Stefan,Bellof,1985,0,4.0
Stefan,Johansson,1980,0,0.0
Stefan,Johansson,1983,0,0.0
Stefan,Johansson,1984,0,3.0
Stefan,Johansson,1985,0,26.0
Stefan,Johansson,1986,0,23.0
Stefan,Johansson,1987,0,30.0
Stefan,Johansson,1988,0,0.0
Stefan,Johansson,1989,0,6.0
Stefan,Johansson,1990,0,0.0
Stefan,Johansson,1991,0,0.0
Stefano,Modena,1987,0,0.0
Stefano,Modena,1988,0,0.0
Stefano,Modena,1989,0,4.0
Stefano,Modena,1990,0,2.0
Stefano,Modena,1991,0,10.0
Stefano,Modena,1992,0,1.0
Stephen,South,1980,0,0.0
Stirling,Moss,1951,0,0.0
Stirling,Moss,1952,0,0.0
Stirling,Moss,1953,0,0.0
Stirling,Moss,1954,0,4.0
Stirling,Moss,1955,1,23.0
Stirling,Moss,1956,2,27.0
Stirling,Moss,1957,3,25.0
Stirling,Moss,1958,4,41.0
Stirling,Moss,1959,2,25.5
Stirling,Moss,1960,2,19.0
Stirling,Moss,1961,2,21.0
Stoffel,Vandoorne,2016,0,1.0
Stoffel,Vandoorne,2017,0,13.0
Stoffel,Vandoorne,2018,0,12.0
Stuart,Lewis-Evans,1957,0,5.0
Stuart,Lewis-Evans,1958,0,11.0
Syd,van der Vyver,1962,0,0.0
Sébastien,Bourdais,2008,0,4.0
Sébastien,Bourdais,2009,0,2.0
Sébastien,Buemi,2009,0,6.0
Sébastien,Buemi,2010,0,8.0
Sébastien,Buemi,2011,0,15.0
Taki,Inoue,1994,0,0.0
Taki,Inoue,1995,0,0.0
Takuma,Sato,2002,0,2.0
Takuma,Sato,2003,0,3.0
Takuma,Sato,2004,0,34.0
Takuma,Sato,2005,0,1.0
Takuma,Sato,2006,0,0.0
Takuma,Sato,2007,0,4.0
Takuma,Sato,2008,0,0.0
Tarso,Marques,1997,0,0.0
Tarso,Marques,2001,0,0.0
Ted,Whiteaway,1955,0,0.0
Teddy,Pilette,1974,0,0.0
Teddy,Pilette,1977,0,0.0
Teo,Fabi,1982,0,0.0
Teo,Fabi,1984,0,9.0
Teo,Fabi,1985,0,0.0
Teo,Fabi,1986,0,2.0
Teo,Fabi,1987,0,12.0
Theo,Fitzau,1953,0,0.0
Theo,Helfrich,1952,0,0.0
Theo,Helfrich,1953,0,0.0
Theo,Helfrich,1954,0,0.0
Thierry,Boutsen,1983,0,0.0
Thierry,Boutsen,1984,0,5.0
Thierry,Boutsen,1985,0,11.0
Thierry,Boutsen,1986,0,0.0
Thierry,Boutsen,1987,0,16.0
Thierry,Boutsen,1988,0,27.0
Thierry,Boutsen,1989,2,37.0
Thierry,Boutsen,1990,1,34.0
Thierry,Boutsen,1991,0,0.0
Thierry,Boutsen,1992,0,2.0
Thierry,Boutsen,1993,0,0.0
Thomas,Monarch,1963,0,0.0
Tiago,Monteiro,2005,0,7.0
Tiago,Monteiro,2006,0,0.0
Tiff,Needell,1980,0,0.0
Tim,Parnell,1959,0,0.0
Tim,Parnell,1961,0,0.0
Tim,Parnell,1963,0,0.0
Tim,Schenken,1970,0,0.0
Tim,Schenken,1971,0,5.0
Tim,Schenken,1972,0,2.0
Tim,Schenken,1973,0,0.0
Tim,Schenken,1974,0,0.0
Timmy,Mayer,1962,0,0.0
Timo,Glock,2004,0,2.0
Timo,Glock,2008,0,25.0
Timo,Glock,2009,0,24.0
Timo,Glock,2010,0,0.0
Timo,Glock,2011,0,0.0
Timo,Glock,2012,0,0.0
Tom,Belsø,1974,0,0.0
Tom,Bridger,1958,0,0.0
Tom,Jones,1967,0,0.0
Tom,Pryce,1974,0,1.0
Tom,Pryce,1975,0,8.0
Tom,Pryce,1976,0,10.0
Tom,Pryce,1977,0,0.0
Tommy,Byrne,1982,0,0.0
Tomáš,Enge,2001,0,0.0
Toni,Branca,1950,0,0.0
Toni,Branca,1951,0,0.0
Toni,Ulmen,1952,0,0.0
Tony,Bettenhausen,1950,0,1.0
Tony,Bettenhausen,1951,0,0.0
Tony,Bettenhausen,1952,0,0.0
Tony,Bettenhausen,1953,0,0.0
Tony,Bettenhausen,1954,0,0.0
Tony,Bettenhausen,1955,0,3.0
Tony,Bettenhausen,1956,0,0.0
Tony,Bettenhausen,1957,0,0.0
Tony,Bettenhausen,1958,0,4.0
Tony,Bettenhausen,1959,0,3.0
Tony,Bettenhausen,1960,0,0.0
Tony,Brise,1975,0,1.0
Tony,Brooks,1956,0,0.0
Tony,Brooks,1957,1,11.0
Tony,Brooks,1958,3,24.0
Tony,Brooks,1959,2,27.0
Tony,Brooks,1960,0,7.0
Tony,Brooks,1961,0,6.0
Tony,Crook,1952,0,0.0
Tony,Crook,1953,0,0.0
Tony,Gaze,1952,0,0.0
Tony,Maggs,1961,0,0.0
Tony,Maggs,1962,0,13.0
Tony,Maggs,1963,0,9.0
Tony,Maggs,1964,0,4.0
Tony,Maggs,1965,0,0.0
Tony,Marsh,1957,0,0.0
Tony,Marsh,1958,0,0.0
Tony,Marsh,1961,0,0.0
Tony,Marsh,1962,0,0.0
Tony,Rolt,1950,0,0.0
Tony,Rolt,1953,0,0.0
Tony,Rolt,1955,0,0.0
Tony,Settember,1962,0,0.0
Tony,Settember,1963,0,0.0
Tony,Shelly,1962,0,0.0
Tony,Trimmer,1975,0,0.0
Tony,Trimmer,1976,0,0.0
Tony,Trimmer,1977,0,0.0
Tony,Trimmer,1978,0,0.0
Toranosuke,Takagi,1998,0,0.0
Toranosuke,Takagi,1999,0,0.0
Torsten,Palm,1975,0,0.0
Toshio,Suzuki,1993,0,0.0
Toulo,de Graffenried,1950,0,0.0
Toulo,de Graffenried,1951,0,2.0
Toulo,de Graffenried,1952,0,0.0
Toulo,de Graffenried,1953,0,7.0
Toulo,de Graffenried,1954,0,0.0
Toulo,de Graffenried,1956,0,0.0
Travis,Webb,1950,0,0.0
Travis,Webb,1952,0,0.0
Travis,Webb,1953,0,0.0
Travis,Webb,1954,0,0.0
Trevor,Blokdyk,1963,0,0.0
Trevor,Blokdyk,1965,0,0.0
Trevor,Taylor,1959,0,0.0
Trevor,Taylor,1961,0,0.0
Trevor,Taylor,1962,0,6.0
Trevor,Taylor,1963,0,1.0
Trevor,Taylor,1964,0,1.0
Trevor,Taylor,1966,0,0.0
Troy,Ruttman,1950,0,0.0
Troy,Ruttman,1951,0,0.0
Troy,Ruttman,1952,1,8.0
Troy,Ruttman,1954,0,1.5
Troy,Ruttman,1956,0,0.0
Troy,Ruttman,1957,0,0.0
Troy,Ruttman,1958,0,0.0
Troy,Ruttman,1960,0,0.0
Ukyo,Katayama,1992,0,0.0
Ukyo,Katayama,1993,0,0.0
Ukyo,Katayama,1994,0,5.0
Ukyo,Katayama,1995,0,0.0
Ukyo,Katayama,1996,0,0.0
Ukyo,Katayama,1997,0,0.0
Umberto,Maglioli,1953,0,0.0
Umberto,Maglioli,1954,0,2.0
Umberto,Maglioli,1955,0,1.33
Umberto,Maglioli,1956,0,0.0
Umberto,Maglioli,1957,0,0.0
Valtteri,Bottas,2013,0,4.0
Valtteri,Bottas,2014,0,186.0
Valtteri,Bottas,2015,0,136.0
Valtteri,Bottas,2016,0,85.0
Valtteri,Bottas,2017,3,305.0
Valtteri,Bottas,2018,0,247.0
Valtteri,Bottas,2019,4,326.0
Valtteri,Bottas,2020,2,179.0
Vern,Schuppan,1974,0,0.0
Vern,Schuppan,1975,0,0.0
Vern,Schuppan,1977,0,0.0
Vic,Elford,1968,0,5.0
Vic,Elford,1969,0,3.0
Vic,Elford,1971,0,0.0
Vic,Wilson,1960,0,0.0
Vic,Wilson,1966,0,0.0
Vitaly,Petrov,2010,0,27.0
Vitaly,Petrov,2011,0,37.0
Vitaly,Petrov,2012,0,0.0
Vitantonio,Liuzzi,2005,0,1.0
Vitantonio,Liuzzi,2006,0,1.0
Vitantonio,Liuzzi,2007,0,3.0
Vitantonio,Liuzzi,2009,0,0.0
Vitantonio,Liuzzi,2010,0,21.0
Vitantonio,Liuzzi,2011,0,0.0
Vittorio,Brambilla,1974,0,1.0
Vittorio,Brambilla,1975,1,6.5
Vittorio,Brambilla,1976,0,1.0
Vittorio,Brambilla,1977,0,6.0
Vittorio,Brambilla,1978,0,1.0
Vittorio,Brambilla,1979,0,0.0
Vittorio,Brambilla,1980,0,0.0
Volker,Weidler,1989,0,0.0
Walt,Ader,1950,0,0.0
Walt,Brown,1950,0,0.0
Walt,Brown,1951,0,0.0
Walt,Faulkner,1950,0,0.0
Walt,Faulkner,1951,0,0.0
Walt,Faulkner,1953,0,0.0
Walt,Faulkner,1954,0,0.0
Walt,Faulkner,1955,0,1.0
Walt,Hansgen,1961,0,0.0
Walt,Hansgen,1963,0,0.0
Walt,Hansgen,1964,0,2.0
Warwick,Brown,1976,0,0.0
Wayne,Weiler,1960,0,0.0
Will,Stevens,2014,0,0.0
Will,Stevens,2015,0,0.0
Willi,Heeks,1952,0,0.0
Willi,Heeks,1953,0,0.0
Willy,Mairesse,1960,0,4.0
Willy,Mairesse,1961,0,0.0
Willy,Mairesse,1962,0,3.0
Willy,Mairesse,1963,0,0.0
Wilson,Fittipaldi,1972,0,0.0
Wilson,Fittipaldi,1973,0,3.0
Wilson,Fittipaldi,1975,0,0.0
Wolfgang,Seidel,1953,0,0.0
Wolfgang,Seidel,1958,0,0.0
Wolfgang,Seidel,1960,0,0.0
Wolfgang,Seidel,1961,0,0.0
Wolfgang,Seidel,1962,0,0.0
Wolfgang,von Trips,1956,0,0.0
Wolfgang,von Trips,1957,0,4.0
Wolfgang,von Trips,1958,0,9.0
Wolfgang,von Trips,1959,0,0.0
Wolfgang,von Trips,1960,0,10.0
Wolfgang,von Trips,1961,2,33.0
Yannick,Dalmas,1987,0,0.0
Yannick,Dalmas,1988,0,0.0
Yannick,Dalmas,1989,0,0.0
Yannick,Dalmas,1990,0,0.0
Yannick,Dalmas,1994,0,0.0
Yuji,Ide,2006,0,0.0
Yves,Cabantous,1950,0,3.0
Yves,Cabantous,1951,0,2.0
Yves,Cabantous,1952,0,0.0
Yves,Cabantous,1953,0,0.0
Zsolt,Baumgartner,2003,0,0.0
Zsolt,Baumgartner,2004,0,1.0
Élie,Bayol,1952,0,0.0
Élie,Bayol,1953,0,0.0
Élie,Bayol,1954,0,2.0
Élie,Bayol,1955,0,0.0
Élie,Bayol,1956,0,0.0
Éric,Bernard,1989,0,0.0
Éric,Bernard,1990,0,5.0
Éric,Bernard,1991,0,1.0
Éric,Bernard,1994,0,4.0
Érik,Comas,1991,0,0.0
Érik,Comas,1992,0,4.0
Érik,Comas,1993,0,1.0
Érik,Comas,1994,0,2.0
Óscar,González,1956,0,0.0
